"","account_status","duration","credit_history","purpose","amount","savings","employment","installment_rate","status_gender","guarantors","resident_since","property","age","other_plans","housing","num_credits","job","people_maintenance","phone","foreign","BAD"
"1","X1",6,"X5","X5",1169,"X5","X5",4,"X3","X1",4,"X1",67,"X3","X2",2,"X3",1,"X2","X1","GOOD"
"2","X2",48,"X3","X5",5951,"X1","X3",2,"X2","X1",2,"X1",22,"X3","X2",1,"X3",1,"X1","X1","BAD"
"3","X4",12,"X5","X8",2096,"X1","X4",2,"X3","X1",3,"X1",49,"X3","X2",1,"X2",2,"X1","X1","GOOD"
"4","X1",42,"X3","X4",7882,"X1","X4",2,"X3","X3",4,"X2",45,"X3","X3",1,"X3",2,"X1","X1","GOOD"
"5","X1",24,"X4","X1",4870,"X1","X3",3,"X3","X1",4,"X4",53,"X3","X3",2,"X3",2,"X1","X1","BAD"
"6","X4",36,"X3","X8",9055,"X5","X3",2,"X3","X1",4,"X4",35,"X3","X3",1,"X2",2,"X2","X1","GOOD"
"7","X4",24,"X3","X4",2835,"X3","X5",3,"X3","X1",4,"X2",53,"X3","X2",1,"X3",1,"X1","X1","GOOD"
"8","X2",36,"X3","X2",6948,"X1","X3",2,"X3","X1",2,"X3",35,"X3","X1",1,"X4",1,"X2","X1","GOOD"
"9","X4",12,"X3","X5",3059,"X4","X4",2,"X1","X1",4,"X1",61,"X3","X2",1,"X2",1,"X1","X1","GOOD"
"10","X2",30,"X5","X1",5234,"X1","X1",4,"X4","X1",2,"X3",28,"X3","X2",2,"X4",1,"X1","X1","BAD"
"11","X2",12,"X3","X1",1295,"X1","X2",3,"X2","X1",1,"X3",25,"X3","X1",1,"X3",1,"X1","X1","BAD"
"12","X1",48,"X3","X10",4308,"X1","X2",3,"X2","X1",4,"X2",24,"X3","X1",1,"X3",1,"X1","X1","BAD"
"13","X2",12,"X3","X5",1567,"X1","X3",1,"X2","X1",1,"X3",22,"X3","X2",1,"X3",1,"X2","X1","GOOD"
"14","X1",24,"X5","X1",1199,"X1","X5",4,"X3","X1",4,"X3",60,"X3","X2",2,"X2",1,"X1","X1","BAD"
"15","X1",15,"X3","X1",1403,"X1","X3",2,"X2","X1",4,"X3",28,"X3","X1",1,"X3",1,"X1","X1","GOOD"
"16","X1",24,"X3","X5",1282,"X2","X3",4,"X2","X1",2,"X3",32,"X3","X2",1,"X2",1,"X1","X1","BAD"
"17","X4",24,"X5","X5",2424,"X5","X5",4,"X3","X1",4,"X2",53,"X3","X2",2,"X3",1,"X1","X1","GOOD"
"18","X1",30,"X1","X10",8072,"X5","X2",2,"X3","X1",3,"X3",25,"X1","X2",3,"X3",1,"X1","X1","GOOD"
"19","X2",24,"X3","X2",12579,"X1","X5",4,"X2","X1",2,"X4",44,"X3","X3",1,"X4",1,"X2","X1","BAD"
"20","X4",24,"X3","X5",3430,"X3","X5",3,"X3","X1",2,"X3",31,"X3","X2",1,"X3",2,"X2","X1","GOOD"
"21","X4",9,"X5","X1",2134,"X1","X3",4,"X3","X1",4,"X3",48,"X3","X2",3,"X3",1,"X2","X1","GOOD"
"22","X1",6,"X3","X5",2647,"X3","X3",2,"X3","X1",3,"X1",44,"X3","X1",1,"X3",2,"X1","X1","GOOD"
"23","X1",10,"X5","X1",2241,"X1","X2",1,"X3","X1",3,"X1",48,"X3","X1",2,"X2",2,"X1","X2","GOOD"
"24","X2",12,"X5","X2",1804,"X2","X2",3,"X3","X1",4,"X2",44,"X3","X2",1,"X3",1,"X1","X1","GOOD"
"25","X4",10,"X5","X4",2069,"X5","X3",2,"X4","X1",1,"X3",26,"X3","X2",2,"X3",1,"X1","X2","GOOD"
"26","X1",6,"X3","X4",1374,"X1","X3",1,"X3","X1",2,"X1",36,"X1","X2",1,"X2",1,"X2","X1","GOOD"
"27","X4",6,"X1","X5",426,"X1","X5",4,"X4","X1",4,"X3",39,"X3","X2",1,"X2",1,"X1","X1","GOOD"
"28","X3",12,"X2","X5",409,"X4","X3",3,"X2","X1",3,"X1",42,"X3","X1",2,"X3",1,"X1","X1","GOOD"
"29","X2",7,"X3","X5",2415,"X1","X3",3,"X3","X3",2,"X1",34,"X3","X2",1,"X3",1,"X1","X1","GOOD"
"30","X1",60,"X4","X10",6836,"X1","X5",3,"X3","X1",4,"X4",63,"X3","X2",2,"X3",1,"X2","X1","BAD"
"31","X2",18,"X3","X10",1913,"X4","X2",3,"X4","X1",3,"X1",36,"X1","X2",1,"X3",1,"X2","X1","GOOD"
"32","X1",24,"X3","X4",4020,"X1","X3",2,"X3","X1",2,"X3",27,"X2","X2",1,"X3",1,"X1","X1","GOOD"
"33","X2",18,"X3","X1",5866,"X2","X3",2,"X3","X1",2,"X3",30,"X3","X2",2,"X3",1,"X2","X1","GOOD"
"34","X4",12,"X5","X10",1264,"X5","X5",4,"X3","X1",4,"X4",57,"X3","X1",1,"X2",1,"X1","X1","GOOD"
"35","X3",12,"X3","X4",1474,"X1","X2",4,"X2","X1",1,"X2",33,"X1","X2",1,"X4",1,"X2","X1","GOOD"
"36","X2",45,"X5","X5",4746,"X1","X2",4,"X3","X1",2,"X2",25,"X3","X2",2,"X2",1,"X1","X1","BAD"
"37","X4",48,"X5","X8",6110,"X1","X3",1,"X3","X1",3,"X4",31,"X1","X3",1,"X3",1,"X2","X1","GOOD"
"38","X3",18,"X3","X5",2100,"X1","X3",4,"X3","X2",2,"X1",37,"X2","X2",1,"X3",1,"X1","X1","BAD"
"39","X3",10,"X3","X6",1225,"X1","X3",2,"X3","X1",2,"X3",37,"X3","X2",1,"X3",1,"X2","X1","GOOD"
"40","X2",9,"X3","X5",458,"X1","X3",4,"X3","X1",3,"X1",24,"X3","X2",1,"X3",1,"X1","X1","GOOD"
"41","X4",30,"X3","X5",2333,"X3","X5",4,"X3","X1",2,"X3",30,"X1","X2",1,"X4",1,"X1","X1","GOOD"
"42","X2",12,"X3","X5",1158,"X3","X3",3,"X1","X1",1,"X3",26,"X3","X2",1,"X3",1,"X2","X1","GOOD"
"43","X2",18,"X4","X7",6204,"X1","X3",2,"X3","X1",4,"X1",44,"X3","X2",1,"X2",2,"X2","X1","GOOD"
"44","X1",30,"X5","X2",6187,"X2","X4",1,"X4","X1",4,"X3",24,"X3","X1",2,"X3",1,"X1","X1","GOOD"
"45","X1",48,"X5","X2",6143,"X1","X5",4,"X2","X1",4,"X4",58,"X2","X3",2,"X2",1,"X1","X1","BAD"
"46","X4",11,"X5","X1",1393,"X1","X2",4,"X2","X1",4,"X3",35,"X3","X2",2,"X4",1,"X1","X1","GOOD"
"47","X4",36,"X3","X5",2299,"X3","X5",4,"X3","X1",4,"X3",39,"X3","X2",1,"X3",1,"X1","X1","GOOD"
"48","X1",6,"X3","X2",1352,"X3","X1",1,"X2","X1",2,"X2",23,"X3","X1",1,"X1",1,"X2","X1","GOOD"
"49","X4",11,"X5","X1",7228,"X1","X3",1,"X3","X1",4,"X2",39,"X3","X2",2,"X2",1,"X1","X1","GOOD"
"50","X4",12,"X3","X5",2073,"X2","X3",4,"X2","X2",2,"X1",28,"X3","X2",1,"X3",1,"X1","X1","GOOD"
"51","X2",24,"X4","X4",2333,"X5","X2",4,"X3","X1",2,"X2",29,"X1","X2",1,"X2",1,"X1","X1","GOOD"
"52","X2",27,"X4","X2",5965,"X1","X5",1,"X3","X1",2,"X3",30,"X3","X2",2,"X4",1,"X2","X1","GOOD"
"53","X4",12,"X3","X5",1262,"X1","X3",3,"X3","X1",2,"X3",25,"X3","X2",1,"X3",1,"X1","X1","GOOD"
"54","X4",18,"X3","X2",3378,"X5","X3",2,"X3","X1",1,"X2",31,"X3","X2",1,"X3",1,"X2","X1","GOOD"
"55","X2",36,"X4","X1",2225,"X1","X5",4,"X3","X1",4,"X4",57,"X1","X3",2,"X3",1,"X2","X1","BAD"
"56","X4",6,"X2","X1",783,"X5","X3",1,"X3","X3",2,"X1",26,"X2","X2",1,"X2",2,"X1","X1","GOOD"
"57","X2",12,"X3","X5",6468,"X5","X1",2,"X3","X1",1,"X4",52,"X3","X2",1,"X4",1,"X2","X1","BAD"
"58","X4",36,"X5","X5",9566,"X1","X3",2,"X2","X1",2,"X3",31,"X2","X2",2,"X3",1,"X1","X1","GOOD"
"59","X3",18,"X3","X1",1961,"X1","X5",3,"X2","X1",2,"X3",23,"X3","X2",1,"X4",1,"X1","X1","GOOD"
"60","X1",36,"X5","X4",6229,"X1","X2",4,"X2","X2",4,"X4",23,"X3","X1",2,"X2",1,"X2","X1","BAD"
"61","X2",9,"X3","X10",1391,"X1","X3",2,"X4","X1",1,"X1",27,"X1","X2",1,"X3",1,"X2","X1","GOOD"
"62","X2",15,"X5","X5",1537,"X5","X5",4,"X3","X3",4,"X1",50,"X3","X2",2,"X3",1,"X2","X1","GOOD"
"63","X2",36,"X1","X10",1953,"X1","X5",4,"X3","X1",4,"X4",61,"X3","X3",1,"X4",1,"X2","X1","BAD"
"64","X2",48,"X1","X10",14421,"X1","X3",2,"X3","X1",2,"X3",25,"X3","X2",1,"X3",1,"X2","X1","BAD"
"65","X4",24,"X3","X5",3181,"X1","X2",4,"X2","X1",4,"X2",26,"X3","X2",1,"X3",1,"X2","X1","GOOD"
"66","X4",27,"X3","X7",5190,"X5","X5",4,"X3","X1",4,"X2",48,"X3","X2",4,"X3",2,"X2","X1","GOOD"
"67","X4",12,"X3","X5",2171,"X1","X2",2,"X2","X1",2,"X3",29,"X1","X2",1,"X3",1,"X1","X1","GOOD"
"68","X2",12,"X3","X1",1007,"X4","X3",4,"X4","X1",1,"X1",22,"X3","X2",1,"X3",1,"X1","X1","GOOD"
"69","X4",36,"X3","X8",1819,"X1","X3",4,"X3","X1",4,"X4",37,"X2","X3",1,"X3",1,"X2","X1","BAD"
"70","X4",36,"X3","X5",2394,"X5","X3",4,"X2","X1",4,"X3",25,"X3","X2",1,"X3",1,"X1","X1","GOOD"
"71","X4",36,"X3","X2",8133,"X1","X3",1,"X2","X1",2,"X2",30,"X1","X2",1,"X3",1,"X1","X1","GOOD"
"72","X4",7,"X5","X5",730,"X5","X5",4,"X3","X1",2,"X2",46,"X3","X1",2,"X2",1,"X2","X1","GOOD"
"73","X1",8,"X5","X3",1164,"X1","X5",3,"X3","X1",4,"X4",51,"X1","X3",2,"X4",2,"X2","X1","GOOD"
"74","X2",42,"X5","X10",5954,"X1","X4",2,"X2","X1",1,"X1",41,"X1","X2",2,"X2",1,"X1","X1","GOOD"
"75","X1",36,"X3","X8",1977,"X5","X5",4,"X3","X1",4,"X4",40,"X3","X2",1,"X4",1,"X2","X1","BAD"
"76","X1",12,"X5","X2",1526,"X1","X5",4,"X3","X1",4,"X4",66,"X3","X3",2,"X4",1,"X1","X1","GOOD"
"77","X1",42,"X3","X5",3965,"X1","X2",4,"X3","X1",3,"X3",34,"X3","X2",1,"X3",1,"X1","X1","BAD"
"78","X2",11,"X4","X5",4771,"X1","X4",2,"X3","X1",4,"X2",51,"X3","X2",1,"X3",1,"X1","X1","GOOD"
"79","X4",54,"X1","X2",9436,"X5","X3",2,"X3","X1",2,"X2",39,"X3","X2",1,"X2",2,"X1","X1","GOOD"
"80","X2",30,"X3","X4",3832,"X1","X2",2,"X4","X1",1,"X2",22,"X3","X2",1,"X3",1,"X1","X1","GOOD"
"81","X4",24,"X3","X5",5943,"X5","X2",1,"X2","X1",1,"X3",44,"X3","X2",2,"X3",1,"X2","X1","BAD"
"82","X4",15,"X3","X5",1213,"X3","X5",4,"X3","X1",3,"X2",47,"X2","X2",1,"X3",1,"X2","X1","GOOD"
"83","X4",18,"X3","X10",1568,"X2","X3",3,"X2","X1",4,"X2",24,"X3","X1",1,"X2",1,"X1","X1","GOOD"
"84","X1",24,"X3","X3",1755,"X1","X5",4,"X2","X3",4,"X1",58,"X3","X2",1,"X2",1,"X2","X1","GOOD"
"85","X1",10,"X3","X5",2315,"X1","X5",3,"X3","X1",4,"X1",52,"X3","X2",1,"X2",1,"X1","X1","GOOD"
"86","X4",12,"X5","X10",1412,"X1","X3",4,"X2","X3",2,"X1",29,"X3","X2",2,"X4",1,"X2","X1","GOOD"
"87","X2",18,"X5","X4",1295,"X1","X2",4,"X2","X1",1,"X2",27,"X3","X2",2,"X3",1,"X1","X1","GOOD"
"88","X2",36,"X3","X8",12612,"X2","X3",1,"X3","X1",4,"X4",47,"X3","X3",1,"X3",2,"X2","X1","BAD"
"89","X1",18,"X3","X1",2249,"X2","X4",4,"X3","X1",3,"X3",30,"X3","X2",1,"X4",2,"X2","X1","GOOD"
"90","X1",12,"X1","X7",1108,"X1","X4",4,"X3","X1",3,"X1",28,"X3","X2",2,"X3",1,"X1","X1","BAD"
"91","X4",12,"X5","X5",618,"X1","X5",4,"X3","X1",4,"X1",56,"X3","X2",1,"X3",1,"X1","X1","GOOD"
"92","X1",12,"X5","X2",1409,"X1","X5",4,"X3","X1",3,"X1",54,"X3","X2",1,"X3",1,"X1","X1","GOOD"
"93","X4",12,"X5","X5",797,"X5","X5",4,"X2","X1",3,"X2",33,"X1","X2",1,"X2",2,"X1","X1","BAD"
"94","X3",24,"X5","X4",3617,"X5","X5",4,"X3","X2",4,"X4",20,"X3","X1",2,"X3",1,"X1","X1","GOOD"
"95","X2",12,"X3","X1",1318,"X4","X5",4,"X3","X1",4,"X1",54,"X3","X2",1,"X3",1,"X2","X1","GOOD"
"96","X2",54,"X1","X10",15945,"X1","X2",3,"X3","X1",4,"X4",58,"X3","X1",1,"X3",1,"X2","X1","BAD"
"97","X4",12,"X5","X8",2012,"X5","X4",4,"X2","X1",2,"X3",61,"X3","X2",1,"X3",1,"X1","X1","GOOD"
"98","X2",18,"X3","X10",2622,"X2","X3",4,"X3","X1",4,"X3",34,"X3","X2",1,"X3",1,"X1","X1","GOOD"
"99","X2",36,"X5","X5",2337,"X1","X5",4,"X3","X1",4,"X1",36,"X3","X2",1,"X3",1,"X1","X1","GOOD"
"100","X2",20,"X4","X2",7057,"X5","X4",3,"X3","X1",4,"X2",36,"X1","X1",2,"X4",2,"X2","X1","GOOD"
"101","X4",24,"X3","X1",1469,"X2","X5",4,"X4","X1",4,"X1",41,"X3","X1",1,"X2",1,"X1","X1","GOOD"
"102","X2",36,"X3","X5",2323,"X1","X4",4,"X3","X1",4,"X3",24,"X3","X1",1,"X3",1,"X1","X1","GOOD"
"103","X4",6,"X4","X5",932,"X1","X3",3,"X2","X1",2,"X1",24,"X3","X2",1,"X3",1,"X1","X1","GOOD"
"104","X2",9,"X5","X4",1919,"X1","X4",4,"X3","X1",3,"X3",35,"X3","X1",1,"X3",1,"X2","X1","GOOD"
"105","X4",12,"X3","X2",2445,"X5","X2",2,"X4","X1",4,"X3",26,"X3","X1",1,"X3",1,"X2","X1","GOOD"
"106","X2",24,"X5","X3",11938,"X1","X3",2,"X3","X2",3,"X3",39,"X3","X2",2,"X4",2,"X2","X1","BAD"
"107","X4",18,"X2","X1",6458,"X1","X5",2,"X3","X1",4,"X4",39,"X1","X2",2,"X4",2,"X2","X1","BAD"
"108","X2",12,"X3","X1",6078,"X1","X4",2,"X3","X1",2,"X3",32,"X3","X2",1,"X3",1,"X1","X1","GOOD"
"109","X1",24,"X3","X4",7721,"X5","X2",1,"X2","X1",2,"X2",30,"X3","X2",1,"X3",1,"X2","X2","GOOD"
"110","X2",14,"X3","X10",1410,"X3","X5",1,"X4","X1",2,"X1",35,"X3","X2",1,"X3",1,"X2","X1","GOOD"
"111","X2",6,"X4","X10",1449,"X2","X5",1,"X1","X1",2,"X3",31,"X1","X2",2,"X3",2,"X1","X1","GOOD"
"112","X3",15,"X3","X8",392,"X1","X2",4,"X2","X1",4,"X2",23,"X3","X1",1,"X3",1,"X2","X1","GOOD"
"113","X2",18,"X3","X1",6260,"X1","X4",3,"X3","X1",3,"X1",28,"X3","X1",1,"X2",1,"X1","X1","GOOD"
"114","X4",36,"X5","X1",7855,"X1","X3",4,"X2","X1",2,"X1",25,"X2","X2",2,"X3",1,"X2","X1","BAD"
"115","X1",12,"X3","X5",1680,"X3","X5",3,"X4","X1",1,"X1",35,"X3","X2",1,"X3",1,"X1","X1","GOOD"
"116","X4",48,"X5","X5",3578,"X5","X5",4,"X3","X1",1,"X1",47,"X3","X2",1,"X3",1,"X2","X1","GOOD"
"117","X1",42,"X3","X5",7174,"X5","X4",4,"X2","X1",3,"X3",30,"X3","X2",1,"X4",1,"X2","X1","BAD"
"118","X1",10,"X5","X4",2132,"X5","X2",2,"X2","X2",3,"X1",27,"X3","X1",2,"X3",1,"X1","X2","GOOD"
"119","X1",33,"X5","X4",4281,"X3","X3",1,"X2","X1",4,"X3",23,"X3","X2",2,"X3",1,"X1","X1","BAD"
"120","X2",12,"X5","X1",2366,"X3","X4",3,"X1","X1",3,"X3",36,"X3","X2",1,"X4",1,"X2","X1","GOOD"
"121","X1",21,"X3","X5",1835,"X1","X3",3,"X2","X1",2,"X1",25,"X3","X2",2,"X3",1,"X2","X1","BAD"
"122","X4",24,"X5","X2",3868,"X1","X5",4,"X2","X1",2,"X3",41,"X3","X1",2,"X4",1,"X2","X1","GOOD"
"123","X4",12,"X3","X4",1768,"X1","X3",3,"X3","X1",2,"X1",24,"X3","X1",1,"X2",1,"X1","X1","GOOD"
"124","X3",10,"X5","X1",781,"X1","X5",4,"X3","X1",4,"X4",63,"X3","X3",2,"X3",1,"X2","X1","GOOD"
"125","X2",18,"X3","X4",1924,"X5","X2",4,"X2","X1",3,"X1",27,"X3","X1",1,"X3",1,"X1","X1","BAD"
"126","X1",12,"X5","X1",2121,"X1","X3",4,"X3","X1",2,"X2",30,"X3","X2",2,"X3",1,"X1","X1","GOOD"
"127","X1",12,"X3","X5",701,"X1","X3",4,"X4","X1",2,"X1",40,"X3","X2",1,"X2",1,"X1","X1","GOOD"
"128","X2",12,"X3","X7",639,"X1","X3",4,"X3","X1",2,"X3",30,"X3","X2",1,"X3",1,"X1","X1","BAD"
"129","X2",12,"X5","X2",1860,"X1","X1",4,"X3","X1",2,"X3",34,"X3","X2",2,"X4",1,"X2","X1","GOOD"
"130","X1",12,"X5","X1",3499,"X1","X3",3,"X2","X2",2,"X1",29,"X3","X2",2,"X3",1,"X1","X1","BAD"
"131","X2",48,"X3","X1",8487,"X5","X4",1,"X2","X1",2,"X3",24,"X3","X2",1,"X3",1,"X1","X1","GOOD"
"132","X1",36,"X4","X8",6887,"X1","X3",4,"X3","X1",3,"X2",29,"X2","X2",1,"X3",1,"X2","X1","BAD"
"133","X4",15,"X3","X4",2708,"X1","X2",2,"X3","X1",3,"X2",27,"X1","X2",2,"X2",1,"X1","X1","GOOD"
"134","X4",18,"X3","X4",1984,"X1","X3",4,"X3","X1",4,"X4",47,"X1","X3",2,"X3",1,"X1","X1","GOOD"
"135","X4",60,"X3","X5",10144,"X2","X4",2,"X2","X1",4,"X1",21,"X3","X2",1,"X3",1,"X2","X1","GOOD"
"136","X4",12,"X5","X5",1240,"X5","X5",4,"X2","X1",2,"X1",38,"X3","X2",2,"X3",1,"X2","X1","GOOD"
"137","X4",27,"X4","X2",8613,"X4","X3",2,"X3","X1",2,"X3",27,"X3","X2",2,"X3",1,"X1","X1","GOOD"
"138","X2",12,"X3","X5",766,"X3","X3",4,"X3","X1",3,"X1",66,"X3","X2",1,"X2",1,"X1","X1","BAD"
"139","X2",15,"X5","X5",2728,"X5","X4",4,"X3","X3",2,"X1",35,"X1","X2",3,"X3",1,"X2","X1","GOOD"
"140","X3",12,"X3","X5",1881,"X1","X3",2,"X2","X1",2,"X3",44,"X3","X1",1,"X2",1,"X2","X1","GOOD"
"141","X3",6,"X3","X1",709,"X4","X2",2,"X4","X1",2,"X1",27,"X3","X2",1,"X1",1,"X1","X2","GOOD"
"142","X2",36,"X3","X5",4795,"X1","X2",4,"X2","X1",1,"X4",30,"X3","X2",1,"X4",1,"X2","X1","GOOD"
"143","X1",27,"X3","X5",3416,"X1","X3",3,"X3","X1",2,"X3",27,"X3","X2",1,"X4",1,"X1","X1","GOOD"
"144","X1",18,"X3","X4",2462,"X1","X3",2,"X3","X1",2,"X3",22,"X3","X2",1,"X3",1,"X1","X1","BAD"
"145","X4",21,"X5","X4",2288,"X1","X2",4,"X2","X1",4,"X2",23,"X3","X2",1,"X3",1,"X2","X1","GOOD"
"146","X2",48,"X2","X10",3566,"X2","X4",4,"X3","X1",2,"X3",30,"X3","X2",1,"X3",1,"X1","X1","GOOD"
"147","X1",6,"X5","X1",860,"X1","X5",1,"X2","X1",4,"X4",39,"X3","X2",2,"X3",1,"X2","X1","GOOD"
"148","X4",12,"X5","X1",682,"X2","X4",4,"X2","X1",3,"X3",51,"X3","X2",2,"X3",1,"X2","X1","GOOD"
"149","X1",36,"X5","X4",5371,"X1","X3",3,"X3","X3",2,"X2",28,"X3","X2",2,"X3",1,"X1","X1","GOOD"
"150","X4",18,"X5","X5",1582,"X4","X5",4,"X3","X1",4,"X3",46,"X3","X2",2,"X3",1,"X1","X1","GOOD"
"151","X4",6,"X3","X5",1346,"X2","X5",2,"X3","X1",4,"X4",42,"X1","X3",1,"X3",2,"X2","X1","GOOD"
"152","X4",10,"X3","X5",1924,"X1","X3",1,"X3","X1",4,"X2",38,"X3","X2",1,"X3",1,"X2","X2","GOOD"
"153","X3",36,"X3","X5",5848,"X1","X3",4,"X3","X1",1,"X3",24,"X3","X2",1,"X3",1,"X1","X1","GOOD"
"154","X2",24,"X5","X2",7758,"X4","X5",2,"X2","X1",4,"X4",29,"X3","X1",1,"X3",1,"X1","X1","GOOD"
"155","X2",24,"X4","X10",6967,"X2","X4",4,"X3","X1",4,"X3",36,"X3","X1",1,"X4",1,"X2","X1","GOOD"
"156","X1",12,"X3","X4",1282,"X1","X3",2,"X2","X1",4,"X3",20,"X3","X1",1,"X3",1,"X1","X1","BAD"
"157","X1",9,"X5","X7",1288,"X2","X5",3,"X3","X3",4,"X1",48,"X3","X2",2,"X3",2,"X1","X2","GOOD"
"158","X1",12,"X2","X9",339,"X1","X5",4,"X4","X1",1,"X3",45,"X1","X2",1,"X2",1,"X1","X1","GOOD"
"159","X2",24,"X3","X1",3512,"X2","X4",2,"X3","X1",3,"X3",38,"X1","X2",2,"X3",1,"X2","X1","GOOD"
"160","X4",6,"X5","X5",1898,"X5","X3",1,"X3","X1",2,"X1",34,"X3","X2",2,"X2",2,"X1","X1","GOOD"
"161","X4",24,"X5","X5",2872,"X2","X5",3,"X3","X1",4,"X1",36,"X3","X2",1,"X3",2,"X2","X1","GOOD"
"162","X4",18,"X5","X1",1055,"X1","X2",4,"X2","X1",1,"X2",30,"X3","X2",2,"X3",1,"X1","X1","GOOD"
"163","X4",15,"X3","X6",1262,"X3","X4",4,"X3","X1",3,"X2",36,"X3","X2",2,"X3",1,"X2","X1","GOOD"
"164","X2",10,"X3","X1",7308,"X1","X1",2,"X3","X1",4,"X4",70,"X1","X3",1,"X4",1,"X2","X1","GOOD"
"165","X4",36,"X3","X1",909,"X3","X5",4,"X3","X1",4,"X2",36,"X3","X2",1,"X3",1,"X1","X1","GOOD"
"166","X4",6,"X3","X4",2978,"X3","X3",1,"X3","X1",2,"X3",32,"X3","X2",1,"X3",1,"X2","X1","GOOD"
"167","X1",18,"X3","X4",1131,"X1","X1",4,"X2","X1",2,"X3",33,"X3","X2",1,"X3",1,"X1","X1","BAD"
"168","X2",11,"X3","X4",1577,"X4","X2",4,"X2","X1",1,"X1",20,"X3","X2",1,"X3",1,"X1","X1","GOOD"
"169","X4",24,"X3","X4",3972,"X1","X4",2,"X2","X1",4,"X2",25,"X3","X1",1,"X3",1,"X2","X1","GOOD"
"170","X2",24,"X5","X10",1935,"X1","X5",4,"X1","X1",4,"X1",31,"X3","X2",2,"X3",1,"X2","X1","BAD"
"171","X1",15,"X1","X1",950,"X1","X5",4,"X3","X1",3,"X3",33,"X3","X1",2,"X3",2,"X1","X1","BAD"
"172","X4",12,"X3","X4",763,"X1","X3",4,"X2","X1",1,"X1",26,"X3","X2",1,"X3",1,"X2","X1","GOOD"
"173","X2",24,"X4","X4",2064,"X1","X1",3,"X2","X1",2,"X2",34,"X3","X2",1,"X4",1,"X2","X1","BAD"
"174","X2",8,"X3","X5",1414,"X1","X3",4,"X3","X3",2,"X1",33,"X3","X2",1,"X3",1,"X1","X2","GOOD"
"175","X1",21,"X4","X8",3414,"X1","X2",2,"X3","X1",1,"X2",26,"X3","X2",2,"X3",1,"X1","X1","BAD"
"176","X4",30,"X2","X2",7485,"X5","X1",4,"X2","X1",1,"X1",53,"X1","X2",1,"X4",1,"X2","X1","BAD"
"177","X1",12,"X3","X4",2577,"X1","X3",2,"X1","X1",1,"X3",42,"X3","X2",1,"X3",1,"X1","X1","GOOD"
"178","X1",6,"X5","X5",338,"X3","X5",4,"X3","X1",4,"X3",52,"X3","X2",2,"X3",1,"X1","X1","GOOD"
"179","X4",12,"X3","X5",1963,"X1","X4",4,"X3","X1",2,"X3",31,"X3","X1",2,"X4",2,"X2","X1","GOOD"
"180","X1",21,"X5","X1",571,"X1","X5",4,"X3","X1",4,"X1",65,"X3","X2",2,"X3",1,"X1","X1","GOOD"
"181","X4",36,"X4","X10",9572,"X1","X2",1,"X1","X1",1,"X3",28,"X3","X2",2,"X3",1,"X1","X1","BAD"
"182","X2",36,"X4","X10",4455,"X1","X3",2,"X1","X1",2,"X1",30,"X2","X2",2,"X4",1,"X2","X1","BAD"
"183","X1",21,"X2","X1",1647,"X5","X3",4,"X3","X1",2,"X2",40,"X3","X2",2,"X2",2,"X1","X1","BAD"
"184","X4",24,"X5","X4",3777,"X4","X3",4,"X3","X1",4,"X1",50,"X3","X2",1,"X3",1,"X2","X1","GOOD"
"185","X2",18,"X5","X1",884,"X1","X5",4,"X3","X1",4,"X3",36,"X1","X2",1,"X3",2,"X2","X1","BAD"
"186","X4",15,"X5","X5",1360,"X1","X3",4,"X3","X1",2,"X2",31,"X3","X2",2,"X3",1,"X1","X1","GOOD"
"187","X2",9,"X2","X2",5129,"X1","X5",2,"X2","X1",4,"X4",74,"X1","X3",1,"X4",2,"X2","X1","BAD"
"188","X2",16,"X5","X1",1175,"X1","X1",2,"X3","X1",3,"X3",68,"X3","X3",3,"X1",1,"X2","X1","GOOD"
"189","X1",12,"X3","X5",674,"X2","X4",4,"X4","X1",1,"X2",20,"X3","X2",1,"X3",1,"X1","X1","BAD"
"190","X2",18,"X1","X4",3244,"X1","X3",1,"X2","X1",4,"X3",33,"X1","X2",2,"X3",1,"X2","X1","GOOD"
"191","X4",24,"X3","X10",4591,"X4","X3",2,"X3","X1",3,"X2",54,"X3","X2",3,"X4",1,"X2","X1","BAD"
"192","X2",48,"X1","X10",3844,"X2","X4",4,"X3","X1",4,"X4",34,"X3","X3",1,"X2",2,"X1","X1","BAD"
"193","X2",27,"X3","X10",3915,"X1","X3",4,"X3","X1",2,"X3",36,"X3","X2",1,"X3",2,"X2","X1","BAD"
"194","X4",6,"X3","X5",2108,"X1","X4",2,"X4","X1",2,"X1",29,"X3","X1",1,"X3",1,"X1","X1","GOOD"
"195","X2",45,"X3","X5",3031,"X2","X3",4,"X3","X3",4,"X2",21,"X3","X1",1,"X3",1,"X1","X1","BAD"
"196","X2",9,"X5","X8",1501,"X1","X5",2,"X2","X1",3,"X3",34,"X3","X2",2,"X4",1,"X2","X1","BAD"
"197","X4",6,"X5","X5",1382,"X1","X3",1,"X2","X1",1,"X3",28,"X3","X2",2,"X3",1,"X2","X1","GOOD"
"198","X2",12,"X3","X4",951,"X2","X2",4,"X2","X1",4,"X3",27,"X1","X1",4,"X3",1,"X1","X1","BAD"
"199","X2",24,"X3","X2",2760,"X5","X5",4,"X3","X1",4,"X4",36,"X1","X3",1,"X3",1,"X2","X1","GOOD"
"200","X2",18,"X4","X4",4297,"X1","X5",4,"X1","X1",3,"X4",40,"X3","X2",1,"X4",1,"X2","X1","BAD"
"201","X4",9,"X5","X8",936,"X3","X5",4,"X3","X1",2,"X3",52,"X3","X2",2,"X3",1,"X2","X1","GOOD"
"202","X1",12,"X3","X1",1168,"X1","X3",4,"X4","X1",3,"X1",27,"X3","X2",1,"X2",1,"X1","X1","GOOD"
"203","X4",27,"X4","X10",5117,"X1","X4",3,"X3","X1",4,"X3",26,"X3","X2",2,"X3",1,"X1","X1","GOOD"
"204","X1",12,"X3","X9",902,"X1","X4",4,"X4","X1",4,"X2",21,"X3","X1",1,"X3",1,"X1","X1","BAD"
"205","X4",12,"X5","X1",1495,"X1","X5",4,"X3","X1",1,"X1",38,"X3","X2",2,"X2",2,"X1","X1","GOOD"
"206","X1",30,"X5","X2",10623,"X1","X5",3,"X3","X1",4,"X4",38,"X3","X3",3,"X4",2,"X2","X1","GOOD"
"207","X4",12,"X5","X4",1935,"X1","X5",4,"X3","X1",4,"X1",43,"X3","X2",3,"X3",1,"X2","X1","GOOD"
"208","X2",12,"X5","X6",1424,"X1","X4",4,"X3","X1",3,"X2",26,"X3","X2",1,"X3",1,"X1","X1","GOOD"
"209","X1",24,"X3","X10",6568,"X1","X3",2,"X4","X1",2,"X3",21,"X2","X2",1,"X2",1,"X1","X1","GOOD"
"210","X4",12,"X3","X2",1413,"X4","X4",3,"X3","X1",2,"X2",55,"X3","X2",1,"X3",1,"X1","X2","GOOD"
"211","X4",9,"X5","X5",3074,"X5","X3",1,"X3","X1",2,"X1",33,"X3","X2",2,"X3",2,"X1","X1","GOOD"
"212","X4",36,"X3","X5",3835,"X5","X5",2,"X2","X1",4,"X1",45,"X3","X2",1,"X2",1,"X2","X1","GOOD"
"213","X1",27,"X1","X10",5293,"X1","X1",2,"X3","X1",4,"X2",50,"X2","X2",2,"X3",1,"X2","X1","BAD"
"214","X3",30,"X4","X10",1908,"X1","X5",4,"X3","X1",4,"X1",66,"X3","X2",1,"X4",1,"X2","X1","BAD"
"215","X4",36,"X5","X5",3342,"X5","X5",4,"X3","X1",2,"X3",51,"X3","X2",1,"X3",1,"X2","X1","GOOD"
"216","X2",6,"X5","X9",932,"X5","X4",1,"X2","X1",3,"X2",39,"X3","X2",2,"X2",1,"X1","X1","GOOD"
"217","X1",18,"X1","X10",3104,"X1","X4",3,"X3","X1",1,"X2",31,"X1","X2",1,"X3",1,"X2","X1","GOOD"
"218","X3",36,"X3","X5",3913,"X1","X3",2,"X3","X1",2,"X1",23,"X3","X2",1,"X3",1,"X2","X1","GOOD"
"219","X1",24,"X3","X4",3021,"X1","X3",2,"X1","X1",2,"X1",24,"X3","X1",1,"X2",1,"X1","X1","GOOD"
"220","X4",10,"X3","X1",1364,"X1","X3",2,"X2","X1",4,"X3",64,"X3","X2",1,"X3",1,"X2","X1","GOOD"
"221","X2",12,"X3","X5",625,"X1","X2",4,"X4","X3",1,"X1",26,"X1","X2",1,"X2",1,"X1","X1","GOOD"
"222","X1",12,"X3","X8",1200,"X5","X3",4,"X2","X1",4,"X2",23,"X1","X1",1,"X3",1,"X2","X1","GOOD"
"223","X4",12,"X3","X5",707,"X1","X3",4,"X3","X1",2,"X1",30,"X1","X2",2,"X3",1,"X1","X1","GOOD"
"224","X4",24,"X4","X10",2978,"X5","X3",4,"X3","X1",4,"X1",32,"X3","X2",2,"X3",2,"X2","X1","GOOD"
"225","X4",15,"X3","X2",4657,"X1","X3",3,"X3","X1",2,"X3",30,"X3","X2",1,"X3",1,"X2","X1","GOOD"
"226","X4",36,"X1","X7",2613,"X1","X3",4,"X3","X1",2,"X3",27,"X3","X2",2,"X3",1,"X1","X1","GOOD"
"227","X2",48,"X3","X5",10961,"X4","X4",1,"X3","X2",2,"X4",27,"X1","X2",2,"X3",1,"X2","X1","BAD"
"228","X1",12,"X3","X4",7865,"X1","X5",4,"X3","X1",4,"X4",53,"X3","X3",1,"X4",1,"X2","X1","BAD"
"229","X4",9,"X3","X5",1478,"X1","X4",4,"X3","X1",2,"X3",22,"X3","X2",1,"X3",1,"X1","X1","BAD"
"230","X1",24,"X3","X4",3149,"X1","X2",4,"X3","X1",1,"X4",22,"X1","X3",1,"X3",1,"X1","X1","GOOD"
"231","X3",36,"X3","X5",4210,"X1","X3",4,"X3","X1",2,"X3",26,"X3","X2",1,"X3",1,"X1","X1","BAD"
"232","X4",9,"X3","X1",2507,"X3","X5",2,"X3","X1",4,"X4",51,"X3","X3",1,"X2",1,"X1","X1","GOOD"
"233","X4",12,"X3","X5",2141,"X2","X4",3,"X3","X1",1,"X4",35,"X3","X2",1,"X3",1,"X1","X1","GOOD"
"234","X2",18,"X3","X5",866,"X1","X3",4,"X4","X3",2,"X1",25,"X3","X2",1,"X2",1,"X1","X1","GOOD"
"235","X4",4,"X5","X5",1544,"X1","X4",2,"X3","X1",1,"X1",42,"X3","X2",3,"X2",2,"X1","X1","GOOD"
"236","X1",24,"X3","X5",1823,"X1","X1",4,"X3","X1",2,"X3",30,"X2","X2",1,"X4",2,"X1","X1","BAD"
"237","X2",6,"X3","X1",14555,"X5","X1",1,"X3","X1",2,"X2",23,"X3","X2",1,"X1",1,"X2","X1","BAD"
"238","X2",21,"X3","X10",2767,"X2","X5",4,"X1","X1",2,"X3",61,"X1","X1",2,"X2",1,"X1","X1","BAD"
"239","X4",12,"X5","X5",1291,"X1","X3",4,"X2","X1",2,"X2",35,"X3","X2",2,"X3",1,"X1","X1","GOOD"
"240","X1",30,"X3","X5",2522,"X1","X5",1,"X3","X3",3,"X2",39,"X3","X2",1,"X3",2,"X1","X1","GOOD"
"241","X1",24,"X3","X1",915,"X5","X5",4,"X2","X1",2,"X3",29,"X1","X2",1,"X3",1,"X1","X1","BAD"
"242","X4",6,"X3","X5",1595,"X1","X4",3,"X3","X1",2,"X2",51,"X3","X2",1,"X3",2,"X1","X1","GOOD"
"243","X1",48,"X1","X2",4605,"X1","X5",3,"X3","X1",4,"X4",24,"X3","X3",2,"X3",2,"X1","X1","BAD"
"244","X4",12,"X5","X10",1185,"X1","X3",3,"X2","X1",2,"X1",27,"X3","X2",2,"X3",1,"X1","X1","GOOD"
"245","X4",12,"X2","X9",3447,"X3","X3",4,"X2","X1",3,"X1",35,"X3","X2",1,"X2",2,"X1","X1","GOOD"
"246","X4",24,"X3","X10",1258,"X1","X4",4,"X3","X1",1,"X1",25,"X3","X2",1,"X3",1,"X2","X1","GOOD"
"247","X4",12,"X5","X5",717,"X1","X5",4,"X3","X1",4,"X1",52,"X3","X2",3,"X3",1,"X1","X1","GOOD"
"248","X4",6,"X1","X1",1204,"X2","X3",4,"X3","X1",1,"X4",35,"X1","X1",1,"X3",1,"X1","X2","GOOD"
"249","X3",24,"X3","X4",1925,"X1","X3",2,"X3","X1",2,"X1",26,"X3","X2",1,"X3",1,"X1","X1","GOOD"
"250","X4",18,"X3","X5",433,"X1","X1",3,"X2","X2",4,"X1",22,"X3","X1",1,"X3",1,"X1","X1","BAD"
"251","X1",6,"X5","X1",666,"X4","X4",3,"X2","X1",4,"X1",39,"X3","X2",2,"X2",1,"X2","X1","GOOD"
"252","X3",12,"X3","X4",2251,"X1","X3",1,"X2","X1",2,"X3",46,"X3","X2",1,"X2",1,"X1","X1","GOOD"
"253","X2",30,"X3","X1",2150,"X1","X3",4,"X2","X3",2,"X4",24,"X1","X2",1,"X3",1,"X1","X1","BAD"
"254","X4",24,"X4","X4",4151,"X2","X3",2,"X3","X1",3,"X2",35,"X3","X2",2,"X3",1,"X1","X1","GOOD"
"255","X2",9,"X3","X4",2030,"X5","X4",2,"X3","X1",1,"X3",24,"X3","X2",1,"X3",1,"X2","X1","GOOD"
"256","X2",60,"X4","X5",7418,"X5","X3",1,"X3","X1",1,"X1",27,"X3","X2",1,"X2",1,"X1","X1","GOOD"
"257","X4",24,"X5","X5",2684,"X1","X3",4,"X3","X1",2,"X1",35,"X3","X2",2,"X2",1,"X1","X1","GOOD"
"258","X1",12,"X2","X5",2149,"X1","X3",4,"X1","X1",1,"X4",29,"X3","X3",1,"X3",1,"X1","X1","BAD"
"259","X4",15,"X3","X2",3812,"X2","X2",1,"X2","X1",4,"X3",23,"X3","X2",1,"X3",1,"X2","X1","GOOD"
"260","X4",11,"X5","X5",1154,"X2","X1",4,"X2","X1",4,"X1",57,"X3","X2",3,"X2",1,"X1","X1","GOOD"
"261","X1",12,"X3","X4",1657,"X1","X3",2,"X3","X1",2,"X1",27,"X3","X2",1,"X3",1,"X1","X1","GOOD"
"262","X1",24,"X3","X5",1603,"X1","X5",4,"X2","X1",4,"X3",55,"X3","X2",1,"X3",1,"X1","X1","GOOD"
"263","X1",18,"X5","X1",5302,"X1","X5",2,"X3","X1",4,"X4",36,"X3","X3",3,"X4",1,"X2","X1","GOOD"
"264","X4",12,"X5","X8",2748,"X1","X5",2,"X2","X1",4,"X4",57,"X1","X3",3,"X2",1,"X1","X1","GOOD"
"265","X4",10,"X5","X1",1231,"X1","X5",3,"X3","X1",4,"X1",32,"X3","X2",2,"X2",2,"X1","X2","GOOD"
"266","X2",15,"X3","X5",802,"X1","X5",4,"X3","X1",3,"X3",37,"X3","X2",1,"X3",2,"X1","X1","BAD"
"267","X4",36,"X5","X10",6304,"X5","X5",4,"X3","X1",4,"X1",36,"X3","X2",2,"X3",1,"X1","X1","GOOD"
"268","X4",24,"X3","X5",1533,"X1","X2",4,"X2","X1",3,"X3",38,"X2","X2",1,"X3",1,"X2","X1","GOOD"
"269","X1",14,"X3","X1",8978,"X1","X5",1,"X1","X1",4,"X2",45,"X3","X2",1,"X4",1,"X2","X2","BAD"
"270","X4",24,"X3","X5",999,"X5","X5",4,"X3","X1",2,"X3",25,"X3","X2",2,"X3",1,"X1","X1","GOOD"
"271","X4",18,"X3","X1",2662,"X5","X4",4,"X3","X1",3,"X2",32,"X3","X2",1,"X3",1,"X1","X2","GOOD"
"272","X4",12,"X5","X4",1402,"X3","X4",3,"X2","X1",4,"X3",37,"X3","X1",1,"X3",1,"X2","X1","GOOD"
"273","X2",48,"X2","X1",12169,"X5","X1",4,"X3","X2",4,"X4",36,"X3","X3",1,"X4",1,"X2","X1","GOOD"
"274","X2",48,"X3","X5",3060,"X1","X4",4,"X3","X1",4,"X1",28,"X3","X2",2,"X3",1,"X1","X1","BAD"
"275","X1",30,"X3","X7",11998,"X1","X2",1,"X1","X1",1,"X4",34,"X3","X2",1,"X2",1,"X2","X1","BAD"
"276","X4",9,"X3","X5",2697,"X1","X3",1,"X3","X1",2,"X1",32,"X3","X2",1,"X3",2,"X1","X1","GOOD"
"277","X4",18,"X5","X5",2404,"X1","X3",2,"X2","X1",2,"X3",26,"X3","X2",2,"X3",1,"X1","X1","GOOD"
"278","X1",12,"X3","X4",1262,"X5","X5",2,"X1","X1",4,"X2",49,"X3","X2",1,"X2",1,"X2","X1","GOOD"
"279","X4",6,"X3","X4",4611,"X1","X2",1,"X2","X1",4,"X2",32,"X3","X2",1,"X3",1,"X1","X1","BAD"
"280","X4",24,"X3","X5",1901,"X2","X3",4,"X3","X1",4,"X3",29,"X3","X1",1,"X4",1,"X2","X1","GOOD"
"281","X4",15,"X5","X2",3368,"X4","X5",3,"X3","X1",4,"X4",23,"X3","X1",2,"X3",1,"X2","X1","GOOD"
"282","X4",12,"X3","X4",1574,"X1","X3",4,"X3","X1",2,"X1",50,"X3","X2",1,"X3",1,"X1","X1","GOOD"
"283","X3",18,"X2","X5",1445,"X5","X4",4,"X3","X1",4,"X3",49,"X1","X2",1,"X2",1,"X1","X1","GOOD"
"284","X4",15,"X5","X4",1520,"X5","X5",4,"X3","X1",4,"X2",63,"X3","X2",1,"X3",1,"X1","X1","GOOD"
"285","X2",24,"X5","X1",3878,"X2","X2",4,"X1","X1",2,"X3",37,"X3","X2",1,"X3",1,"X2","X1","GOOD"
"286","X1",47,"X3","X1",10722,"X1","X2",1,"X2","X1",1,"X1",35,"X3","X2",1,"X2",1,"X2","X1","GOOD"
"287","X1",48,"X3","X2",4788,"X1","X4",4,"X3","X1",3,"X2",26,"X3","X2",1,"X3",2,"X1","X1","GOOD"
"288","X2",48,"X4","X3",7582,"X2","X1",2,"X3","X1",4,"X4",31,"X3","X3",1,"X4",1,"X2","X1","GOOD"
"289","X2",12,"X3","X5",1092,"X1","X3",4,"X2","X3",4,"X1",49,"X3","X2",2,"X3",1,"X2","X1","GOOD"
"290","X1",24,"X4","X5",1024,"X1","X2",4,"X4","X1",4,"X1",48,"X2","X2",1,"X3",1,"X1","X1","BAD"
"291","X4",12,"X3","X10",1076,"X1","X3",2,"X4","X1",2,"X1",26,"X3","X2",1,"X3",1,"X2","X2","GOOD"
"292","X2",36,"X3","X2",9398,"X1","X2",1,"X4","X1",4,"X3",28,"X3","X1",1,"X4",1,"X2","X1","BAD"
"293","X1",24,"X5","X2",6419,"X1","X5",2,"X2","X1",4,"X4",44,"X3","X3",2,"X4",2,"X2","X1","GOOD"
"294","X3",42,"X5","X2",4796,"X1","X5",4,"X3","X1",4,"X4",56,"X3","X3",1,"X3",1,"X1","X1","GOOD"
"295","X4",48,"X5","X10",7629,"X5","X5",4,"X1","X1",2,"X3",46,"X1","X2",2,"X4",2,"X1","X1","GOOD"
"296","X2",48,"X3","X4",9960,"X1","X2",1,"X2","X1",2,"X3",26,"X3","X2",1,"X3",1,"X2","X1","BAD"
"297","X4",12,"X3","X2",4675,"X5","X2",1,"X2","X1",4,"X3",20,"X3","X1",1,"X3",1,"X1","X1","GOOD"
"298","X4",10,"X3","X1",1287,"X5","X5",4,"X3","X2",2,"X2",45,"X3","X2",1,"X2",1,"X1","X2","GOOD"
"299","X4",18,"X3","X4",2515,"X1","X3",3,"X3","X1",4,"X1",43,"X3","X2",1,"X3",1,"X2","X1","GOOD"
"300","X2",21,"X5","X4",2745,"X4","X4",3,"X3","X1",2,"X3",32,"X3","X2",2,"X3",1,"X2","X1","GOOD"
"301","X4",6,"X3","X1",672,"X1","X1",1,"X2","X1",4,"X1",54,"X3","X2",1,"X1",1,"X2","X1","GOOD"
"302","X2",36,"X1","X5",3804,"X1","X3",4,"X2","X1",1,"X3",42,"X3","X2",1,"X3",1,"X2","X1","BAD"
"303","X3",24,"X5","X1",1344,"X5","X4",4,"X3","X1",2,"X1",37,"X1","X2",2,"X2",2,"X1","X1","BAD"
"304","X1",10,"X5","X1",1038,"X1","X4",4,"X3","X2",3,"X2",49,"X3","X2",2,"X3",1,"X2","X1","GOOD"
"305","X4",48,"X5","X1",10127,"X3","X3",2,"X3","X1",2,"X4",44,"X1","X3",1,"X3",1,"X1","X1","BAD"
"306","X4",6,"X3","X4",1543,"X4","X3",4,"X1","X1",2,"X1",33,"X3","X2",1,"X3",1,"X1","X1","GOOD"
"307","X4",30,"X3","X2",4811,"X5","X4",2,"X2","X1",4,"X2",24,"X2","X1",1,"X2",1,"X1","X1","GOOD"
"308","X1",12,"X3","X5",727,"X2","X2",4,"X4","X1",3,"X4",33,"X3","X2",1,"X2",1,"X2","X1","BAD"
"309","X2",8,"X3","X4",1237,"X1","X3",3,"X2","X1",4,"X1",24,"X3","X2",1,"X3",1,"X1","X1","BAD"
"310","X2",9,"X3","X1",276,"X1","X3",4,"X4","X1",4,"X1",22,"X3","X1",1,"X2",1,"X1","X1","GOOD"
"311","X2",48,"X3","X3",5381,"X5","X1",3,"X3","X1",4,"X4",40,"X1","X3",1,"X1",1,"X2","X1","GOOD"
"312","X4",24,"X3","X4",5511,"X2","X3",4,"X3","X1",1,"X3",25,"X2","X2",1,"X3",1,"X1","X1","GOOD"
"313","X3",24,"X3","X4",3749,"X1","X2",2,"X2","X1",4,"X3",26,"X3","X2",1,"X3",1,"X1","X1","GOOD"
"314","X2",12,"X3","X1",685,"X1","X4",2,"X4","X1",3,"X3",25,"X1","X2",1,"X2",1,"X1","X1","BAD"
"315","X3",4,"X3","X1",1494,"X5","X2",1,"X3","X1",2,"X1",29,"X3","X2",1,"X2",2,"X1","X2","GOOD"
"316","X1",36,"X2","X4",2746,"X1","X5",4,"X3","X1",4,"X3",31,"X1","X2",1,"X3",1,"X1","X1","BAD"
"317","X1",12,"X3","X4",708,"X1","X3",2,"X3","X3",3,"X2",38,"X3","X2",1,"X2",2,"X1","X1","GOOD"
"318","X2",24,"X3","X4",4351,"X5","X3",1,"X2","X1",4,"X2",48,"X3","X2",1,"X2",1,"X2","X1","GOOD"
"319","X4",12,"X5","X8",701,"X1","X3",4,"X3","X1",2,"X3",32,"X3","X2",2,"X3",1,"X1","X1","GOOD"
"320","X1",15,"X4","X4",3643,"X1","X5",1,"X2","X1",4,"X2",27,"X3","X2",2,"X2",1,"X1","X1","GOOD"
"321","X2",30,"X5","X1",4249,"X1","X1",4,"X4","X1",2,"X3",28,"X3","X2",2,"X4",1,"X1","X1","BAD"
"322","X1",24,"X3","X5",1938,"X1","X2",4,"X1","X1",3,"X2",32,"X3","X2",1,"X3",1,"X1","X1","BAD"
"323","X1",24,"X3","X2",2910,"X1","X4",2,"X3","X1",1,"X4",34,"X3","X3",1,"X4",1,"X2","X1","GOOD"
"324","X1",18,"X3","X4",2659,"X4","X3",4,"X3","X1",2,"X3",28,"X3","X2",1,"X3",1,"X1","X1","GOOD"
"325","X4",18,"X5","X1",1028,"X1","X3",4,"X2","X1",3,"X1",36,"X3","X2",2,"X3",1,"X1","X1","GOOD"
"326","X1",8,"X5","X1",3398,"X1","X4",1,"X3","X1",4,"X1",39,"X3","X2",2,"X2",1,"X1","X2","GOOD"
"327","X4",12,"X5","X4",5801,"X5","X5",2,"X3","X1",4,"X2",49,"X3","X1",1,"X3",1,"X2","X1","GOOD"
"328","X4",24,"X3","X1",1525,"X4","X4",4,"X2","X1",3,"X3",34,"X3","X2",1,"X3",2,"X2","X1","GOOD"
"329","X3",36,"X3","X5",4473,"X1","X5",4,"X3","X1",2,"X3",31,"X3","X2",1,"X3",1,"X1","X1","GOOD"
"330","X2",6,"X3","X5",1068,"X1","X5",4,"X3","X1",4,"X3",28,"X3","X2",1,"X3",2,"X1","X1","GOOD"
"331","X1",24,"X5","X2",6615,"X1","X1",2,"X3","X1",4,"X4",75,"X3","X3",2,"X4",1,"X2","X1","GOOD"
"332","X4",18,"X5","X8",1864,"X2","X3",4,"X2","X1",2,"X1",30,"X3","X2",2,"X3",1,"X1","X1","BAD"
"333","X2",60,"X3","X1",7408,"X2","X2",4,"X2","X1",2,"X2",24,"X3","X2",1,"X4",1,"X1","X1","BAD"
"334","X4",48,"X5","X2",11590,"X2","X3",2,"X2","X1",4,"X3",24,"X1","X1",2,"X2",1,"X1","X1","BAD"
"335","X1",24,"X1","X4",4110,"X1","X5",3,"X3","X1",4,"X4",23,"X1","X1",2,"X3",2,"X1","X1","BAD"
"336","X1",6,"X5","X4",3384,"X1","X3",1,"X1","X1",4,"X1",44,"X3","X1",1,"X4",1,"X2","X1","BAD"
"337","X2",13,"X3","X5",2101,"X1","X2",2,"X2","X3",4,"X2",23,"X3","X2",1,"X2",1,"X1","X1","GOOD"
"338","X1",15,"X3","X6",1275,"X5","X3",4,"X2","X1",2,"X3",24,"X3","X1",1,"X3",1,"X1","X1","BAD"
"339","X1",24,"X3","X4",4169,"X1","X3",4,"X3","X1",4,"X2",28,"X3","X2",1,"X3",1,"X1","X1","GOOD"
"340","X2",10,"X3","X4",1521,"X1","X3",4,"X1","X1",2,"X3",31,"X3","X2",1,"X2",1,"X1","X1","GOOD"
"341","X2",24,"X5","X8",5743,"X1","X2",2,"X2","X1",4,"X4",24,"X3","X3",2,"X3",1,"X2","X1","GOOD"
"342","X1",21,"X3","X4",3599,"X1","X4",1,"X2","X1",4,"X3",26,"X3","X1",1,"X2",1,"X1","X1","GOOD"
"343","X2",18,"X3","X5",3213,"X3","X2",1,"X4","X1",3,"X1",25,"X3","X1",1,"X3",1,"X1","X1","GOOD"
"344","X2",18,"X3","X10",4439,"X1","X5",1,"X3","X2",1,"X1",33,"X1","X2",1,"X4",1,"X2","X1","GOOD"
"345","X3",10,"X3","X1",3949,"X1","X2",1,"X3","X3",1,"X2",37,"X3","X2",1,"X2",2,"X1","X1","GOOD"
"346","X4",15,"X5","X5",1459,"X1","X3",4,"X2","X1",2,"X3",43,"X3","X2",1,"X2",1,"X1","X1","GOOD"
"347","X2",13,"X5","X5",882,"X1","X2",4,"X3","X3",4,"X1",23,"X3","X2",2,"X3",1,"X1","X1","GOOD"
"348","X2",24,"X3","X5",3758,"X3","X1",1,"X2","X1",4,"X4",23,"X3","X1",1,"X1",1,"X1","X1","GOOD"
"349","X4",6,"X4","X10",1743,"X2","X3",1,"X3","X1",2,"X1",34,"X3","X2",2,"X2",1,"X1","X1","GOOD"
"350","X2",9,"X5","X8",1136,"X4","X5",4,"X3","X1",3,"X4",32,"X3","X3",2,"X3",2,"X1","X1","BAD"
"351","X4",9,"X3","X6",1236,"X1","X2",1,"X2","X1",4,"X1",23,"X3","X1",1,"X3",1,"X2","X1","GOOD"
"352","X2",9,"X3","X4",959,"X1","X3",1,"X2","X1",2,"X3",29,"X3","X2",1,"X3",1,"X1","X2","BAD"
"353","X4",18,"X5","X2",3229,"X5","X1",2,"X3","X1",4,"X4",38,"X3","X2",1,"X4",1,"X2","X1","GOOD"
"354","X1",12,"X1","X5",6199,"X1","X3",4,"X3","X1",2,"X2",28,"X3","X1",2,"X3",1,"X2","X1","BAD"
"355","X4",10,"X3","X8",727,"X3","X5",4,"X3","X1",4,"X4",46,"X3","X3",1,"X3",1,"X2","X1","GOOD"
"356","X2",24,"X3","X1",1246,"X1","X2",4,"X3","X1",2,"X1",23,"X2","X2",1,"X2",1,"X1","X1","BAD"
"357","X4",12,"X5","X5",2331,"X5","X5",1,"X3","X2",4,"X1",49,"X3","X2",1,"X3",1,"X2","X1","GOOD"
"358","X4",36,"X4","X5",4463,"X1","X3",4,"X3","X1",2,"X3",26,"X3","X2",2,"X4",1,"X2","X1","BAD"
"359","X4",12,"X3","X5",776,"X1","X3",4,"X4","X1",2,"X1",28,"X3","X2",1,"X3",1,"X1","X1","GOOD"
"360","X1",30,"X3","X4",2406,"X1","X4",4,"X2","X1",4,"X1",23,"X3","X1",1,"X3",1,"X1","X1","BAD"
"361","X2",18,"X3","X8",1239,"X5","X3",4,"X3","X1",4,"X4",61,"X3","X3",1,"X3",1,"X1","X1","GOOD"
"362","X3",12,"X3","X5",3399,"X5","X5",2,"X3","X1",3,"X3",37,"X3","X2",1,"X4",1,"X1","X1","GOOD"
"363","X3",12,"X4","X1",2247,"X1","X3",2,"X2","X1",2,"X3",36,"X2","X2",2,"X3",1,"X2","X1","GOOD"
"364","X4",6,"X3","X4",1766,"X1","X3",1,"X4","X1",2,"X2",21,"X3","X1",1,"X3",1,"X1","X1","GOOD"
"365","X1",18,"X3","X4",2473,"X1","X1",4,"X3","X1",1,"X3",25,"X3","X2",1,"X1",1,"X1","X1","BAD"
"366","X4",12,"X3","X10",1542,"X1","X4",2,"X3","X1",4,"X3",36,"X3","X2",1,"X3",1,"X2","X1","GOOD"
"367","X4",18,"X5","X2",3850,"X1","X4",3,"X3","X1",1,"X3",27,"X3","X2",2,"X3",1,"X1","X1","GOOD"
"368","X1",18,"X3","X4",3650,"X1","X2",1,"X2","X1",4,"X3",22,"X3","X1",1,"X3",1,"X1","X1","GOOD"
"369","X1",36,"X3","X4",3446,"X1","X5",4,"X3","X1",2,"X3",42,"X3","X2",1,"X3",2,"X1","X1","BAD"
"370","X2",18,"X3","X4",3001,"X1","X4",2,"X2","X1",4,"X1",40,"X3","X1",1,"X3",1,"X1","X1","GOOD"
"371","X4",36,"X3","X1",3079,"X5","X3",4,"X3","X1",4,"X1",36,"X3","X2",1,"X3",1,"X1","X1","GOOD"
"372","X4",18,"X5","X5",6070,"X1","X5",3,"X3","X1",4,"X3",33,"X3","X2",2,"X3",1,"X2","X1","GOOD"
"373","X4",10,"X5","X4",2146,"X1","X2",1,"X2","X1",3,"X1",23,"X3","X1",2,"X3",1,"X1","X1","GOOD"
"374","X4",60,"X5","X1",13756,"X5","X5",2,"X3","X1",4,"X4",63,"X1","X3",1,"X4",1,"X2","X1","GOOD"
"375","X2",60,"X2","X3",14782,"X2","X5",3,"X2","X1",4,"X4",60,"X1","X3",2,"X4",1,"X2","X1","BAD"
"376","X1",48,"X2","X10",7685,"X1","X4",2,"X2","X3",4,"X3",37,"X3","X1",1,"X3",1,"X1","X1","BAD"
"377","X4",18,"X4","X5",2320,"X1","X1",2,"X4","X1",3,"X1",34,"X3","X2",2,"X3",1,"X1","X1","GOOD"
"378","X4",7,"X4","X5",846,"X5","X5",3,"X3","X1",4,"X4",36,"X3","X3",1,"X3",1,"X1","X1","GOOD"
"379","X2",36,"X3","X1",14318,"X1","X5",4,"X3","X1",2,"X4",57,"X3","X3",1,"X4",1,"X2","X1","BAD"
"380","X4",6,"X5","X1",362,"X2","X3",4,"X2","X1",4,"X3",52,"X3","X2",2,"X2",1,"X1","X1","GOOD"
"381","X1",20,"X3","X4",2212,"X5","X4",4,"X3","X1",4,"X3",39,"X3","X2",1,"X3",1,"X2","X1","GOOD"
"382","X2",18,"X3","X2",12976,"X1","X1",3,"X2","X1",4,"X4",38,"X3","X3",1,"X4",1,"X2","X1","BAD"
"383","X4",22,"X3","X1",1283,"X5","X4",4,"X2","X1",4,"X2",25,"X3","X1",1,"X3",1,"X1","X1","GOOD"
"384","X3",12,"X3","X1",1330,"X1","X2",4,"X3","X1",1,"X1",26,"X3","X2",1,"X3",1,"X1","X1","GOOD"
"385","X4",30,"X4","X10",4272,"X2","X3",2,"X3","X1",2,"X2",26,"X3","X2",2,"X2",1,"X1","X1","GOOD"
"386","X4",18,"X5","X5",2238,"X1","X3",2,"X2","X1",1,"X3",25,"X3","X2",2,"X3",1,"X1","X1","GOOD"
"387","X4",18,"X3","X5",1126,"X5","X2",4,"X2","X1",2,"X1",21,"X3","X1",1,"X3",1,"X2","X1","GOOD"
"388","X2",18,"X5","X4",7374,"X1","X1",4,"X3","X1",4,"X2",40,"X2","X2",2,"X4",1,"X2","X1","GOOD"
"389","X2",15,"X5","X10",2326,"X3","X3",2,"X3","X1",4,"X3",27,"X1","X2",1,"X3",1,"X1","X1","GOOD"
"390","X4",9,"X3","X10",1449,"X1","X4",3,"X2","X1",2,"X3",27,"X3","X2",2,"X3",1,"X1","X1","GOOD"
"391","X4",18,"X3","X1",1820,"X1","X3",2,"X4","X1",2,"X2",30,"X3","X2",1,"X4",1,"X2","X1","GOOD"
"392","X2",12,"X3","X4",983,"X4","X2",1,"X2","X1",4,"X1",19,"X3","X1",1,"X2",1,"X1","X1","GOOD"
"393","X1",36,"X3","X1",3249,"X1","X4",2,"X3","X1",4,"X4",39,"X1","X3",1,"X4",2,"X2","X1","GOOD"
"394","X1",6,"X5","X5",1957,"X1","X4",1,"X2","X1",4,"X3",31,"X3","X2",1,"X3",1,"X1","X1","GOOD"
"395","X4",9,"X5","X4",2406,"X1","X1",2,"X3","X1",3,"X3",31,"X3","X2",1,"X4",1,"X1","X1","GOOD"
"396","X2",39,"X4","X8",11760,"X2","X4",2,"X3","X1",3,"X4",32,"X3","X1",1,"X3",1,"X2","X1","GOOD"
"397","X1",12,"X3","X4",2578,"X1","X1",3,"X2","X1",4,"X4",55,"X3","X3",1,"X4",1,"X1","X1","GOOD"
"398","X1",36,"X5","X4",2348,"X1","X3",3,"X4","X1",2,"X2",46,"X3","X2",2,"X3",1,"X2","X1","GOOD"
"399","X2",12,"X3","X1",1223,"X1","X5",1,"X1","X1",1,"X1",46,"X3","X1",2,"X3",1,"X1","X1","BAD"
"400","X4",24,"X5","X5",1516,"X4","X3",4,"X2","X1",1,"X1",43,"X3","X2",2,"X2",1,"X1","X1","GOOD"
"401","X4",18,"X3","X5",1473,"X1","X2",3,"X4","X1",4,"X1",39,"X3","X2",1,"X3",1,"X2","X1","GOOD"
"402","X2",18,"X5","X10",1887,"X5","X3",4,"X4","X1",4,"X1",28,"X1","X2",2,"X3",1,"X1","X1","GOOD"
"403","X4",24,"X4","X10",8648,"X1","X2",2,"X3","X1",2,"X3",27,"X1","X2",2,"X3",1,"X2","X1","BAD"
"404","X4",14,"X4","X1",802,"X1","X3",4,"X3","X1",2,"X3",27,"X3","X2",2,"X2",1,"X1","X1","GOOD"
"405","X2",18,"X4","X1",2899,"X5","X5",4,"X3","X1",4,"X3",43,"X3","X2",1,"X3",2,"X1","X1","GOOD"
"406","X2",24,"X3","X5",2039,"X1","X2",1,"X4","X1",1,"X2",22,"X3","X2",1,"X3",1,"X2","X1","BAD"
"407","X4",24,"X5","X2",2197,"X5","X4",4,"X3","X1",4,"X3",43,"X3","X2",2,"X3",2,"X2","X1","GOOD"
"408","X1",15,"X3","X5",1053,"X1","X2",4,"X4","X1",2,"X1",27,"X3","X2",1,"X3",1,"X1","X2","GOOD"
"409","X4",24,"X3","X5",3235,"X3","X5",3,"X1","X1",2,"X3",26,"X3","X2",1,"X4",1,"X2","X1","GOOD"
"410","X3",12,"X5","X1",939,"X3","X4",4,"X4","X1",2,"X1",28,"X3","X2",3,"X3",1,"X2","X1","BAD"
"411","X2",24,"X3","X5",1967,"X1","X5",4,"X2","X1",4,"X3",20,"X3","X2",1,"X3",1,"X2","X1","GOOD"
"412","X4",33,"X5","X2",7253,"X1","X4",3,"X3","X1",2,"X3",35,"X3","X2",2,"X4",1,"X2","X1","GOOD"
"413","X4",12,"X5","X10",2292,"X1","X1",4,"X3","X1",2,"X3",42,"X2","X2",2,"X4",1,"X2","X1","BAD"
"414","X4",10,"X3","X1",1597,"X3","X3",3,"X3","X1",2,"X4",40,"X3","X1",1,"X2",2,"X1","X2","GOOD"
"415","X1",24,"X3","X1",1381,"X5","X3",4,"X2","X1",2,"X2",35,"X3","X2",1,"X3",1,"X1","X1","BAD"
"416","X4",36,"X5","X2",5842,"X1","X5",2,"X3","X1",2,"X2",35,"X3","X2",2,"X3",2,"X2","X1","GOOD"
"417","X1",12,"X3","X1",2579,"X1","X2",4,"X3","X1",1,"X1",33,"X3","X2",1,"X2",2,"X1","X1","BAD"
"418","X1",18,"X4","X8",8471,"X5","X3",1,"X2","X1",2,"X3",23,"X3","X1",2,"X3",1,"X2","X1","GOOD"
"419","X4",21,"X3","X1",2782,"X3","X4",1,"X2","X1",2,"X3",31,"X1","X2",1,"X4",1,"X1","X1","GOOD"
"420","X2",18,"X3","X1",1042,"X5","X3",4,"X2","X1",2,"X2",33,"X3","X2",1,"X3",1,"X1","X1","BAD"
"421","X4",15,"X3","X1",3186,"X4","X4",2,"X2","X1",3,"X3",20,"X3","X1",1,"X3",1,"X1","X1","GOOD"
"422","X2",12,"X3","X2",2028,"X5","X3",4,"X3","X1",2,"X3",30,"X3","X2",1,"X3",1,"X1","X1","GOOD"
"423","X2",12,"X5","X1",958,"X1","X4",2,"X3","X1",3,"X1",47,"X3","X2",2,"X2",2,"X1","X1","GOOD"
"424","X4",21,"X4","X4",1591,"X2","X4",4,"X3","X1",3,"X1",34,"X3","X2",2,"X4",1,"X1","X1","GOOD"
"425","X2",12,"X3","X4",2762,"X5","X5",1,"X2","X1",2,"X2",25,"X1","X2",1,"X3",1,"X2","X1","BAD"
"426","X2",18,"X3","X2",2779,"X1","X3",1,"X4","X1",3,"X3",21,"X3","X1",1,"X3",1,"X2","X1","GOOD"
"427","X4",28,"X5","X5",2743,"X1","X5",4,"X3","X1",2,"X3",29,"X3","X2",2,"X3",1,"X1","X1","GOOD"
"428","X4",18,"X5","X5",1149,"X4","X3",4,"X3","X1",3,"X1",46,"X3","X2",2,"X3",1,"X1","X1","GOOD"
"429","X4",9,"X3","X4",1313,"X1","X5",1,"X3","X1",4,"X3",20,"X3","X2",1,"X3",1,"X1","X1","GOOD"
"430","X1",18,"X5","X7",1190,"X1","X1",2,"X2","X1",4,"X4",55,"X3","X3",3,"X1",2,"X1","X1","BAD"
"431","X4",5,"X3","X10",3448,"X1","X4",1,"X3","X1",4,"X1",74,"X3","X2",1,"X2",1,"X1","X1","GOOD"
"432","X2",24,"X3","X3",11328,"X1","X3",2,"X3","X2",3,"X3",29,"X1","X2",2,"X4",1,"X2","X1","BAD"
"433","X1",6,"X5","X4",1872,"X1","X1",4,"X3","X1",4,"X4",36,"X3","X3",3,"X4",1,"X2","X1","GOOD"
"434","X4",24,"X5","X7",2058,"X1","X3",4,"X1","X1",2,"X1",33,"X3","X2",2,"X3",1,"X2","X1","GOOD"
"435","X1",9,"X3","X4",2136,"X1","X3",3,"X3","X1",2,"X1",25,"X3","X2",1,"X3",1,"X1","X1","GOOD"
"436","X2",12,"X3","X5",1484,"X5","X3",2,"X4","X1",1,"X1",25,"X3","X2",1,"X3",1,"X2","X1","BAD"
"437","X4",6,"X3","X7",660,"X3","X4",2,"X4","X1",4,"X1",23,"X3","X1",1,"X2",1,"X1","X1","GOOD"
"438","X4",24,"X5","X1",1287,"X4","X5",4,"X2","X1",4,"X1",37,"X3","X2",2,"X3",1,"X2","X1","GOOD"
"439","X1",42,"X5","X7",3394,"X1","X1",4,"X3","X2",4,"X3",65,"X3","X2",2,"X1",1,"X1","X1","GOOD"
"440","X3",12,"X2","X10",609,"X1","X2",4,"X2","X1",1,"X1",26,"X3","X2",1,"X1",1,"X1","X1","BAD"
"441","X4",12,"X3","X1",1884,"X1","X5",4,"X3","X1",4,"X3",39,"X3","X2",1,"X4",1,"X2","X1","GOOD"
"442","X1",12,"X3","X4",1620,"X1","X3",2,"X2","X2",3,"X2",30,"X3","X2",1,"X3",1,"X1","X1","GOOD"
"443","X2",20,"X4","X3",2629,"X1","X3",2,"X3","X1",3,"X3",29,"X1","X2",2,"X3",1,"X2","X1","GOOD"
"444","X4",12,"X3","X8",719,"X1","X5",4,"X3","X1",4,"X3",41,"X1","X2",1,"X2",2,"X1","X1","BAD"
"445","X2",48,"X5","X4",5096,"X1","X3",2,"X2","X1",3,"X3",30,"X3","X2",1,"X4",1,"X2","X1","BAD"
"446","X4",9,"X5","X8",1244,"X5","X5",4,"X2","X1",4,"X2",41,"X3","X1",2,"X2",1,"X1","X1","GOOD"
"447","X1",36,"X3","X1",1842,"X1","X2",4,"X2","X1",4,"X3",34,"X3","X2",1,"X3",1,"X2","X1","BAD"
"448","X2",7,"X3","X5",2576,"X1","X3",2,"X3","X3",2,"X1",35,"X3","X2",1,"X3",1,"X1","X1","GOOD"
"449","X3",12,"X3","X4",1424,"X5","X5",3,"X2","X1",4,"X1",55,"X3","X2",1,"X4",1,"X2","X1","GOOD"
"450","X2",15,"X4","X7",1512,"X4","X3",3,"X4","X1",3,"X2",61,"X2","X2",2,"X3",1,"X1","X1","BAD"
"451","X4",36,"X5","X2",11054,"X5","X3",4,"X3","X1",2,"X3",30,"X3","X2",1,"X4",1,"X2","X1","GOOD"
"452","X4",6,"X3","X5",518,"X1","X3",3,"X2","X1",1,"X1",29,"X3","X2",1,"X3",1,"X1","X1","GOOD"
"453","X4",12,"X1","X4",2759,"X1","X5",2,"X3","X1",4,"X2",34,"X3","X2",2,"X3",1,"X1","X1","GOOD"
"454","X4",24,"X3","X2",2670,"X1","X5",4,"X3","X1",4,"X3",35,"X3","X2",1,"X4",1,"X2","X1","GOOD"
"455","X1",24,"X3","X1",4817,"X1","X4",2,"X3","X2",3,"X2",31,"X3","X2",1,"X3",1,"X2","X1","BAD"
"456","X4",24,"X3","X2",2679,"X1","X2",4,"X2","X1",1,"X4",29,"X3","X2",1,"X4",1,"X2","X1","GOOD"
"457","X1",11,"X5","X1",3905,"X1","X3",2,"X3","X1",2,"X1",36,"X3","X1",2,"X3",2,"X1","X1","GOOD"
"458","X1",12,"X3","X2",3386,"X1","X5",3,"X3","X1",4,"X4",35,"X3","X3",1,"X3",1,"X2","X1","BAD"
"459","X1",6,"X3","X6",343,"X1","X2",4,"X2","X1",1,"X1",27,"X3","X2",1,"X3",1,"X1","X1","GOOD"
"460","X4",18,"X3","X5",4594,"X1","X2",3,"X3","X1",2,"X3",32,"X3","X2",1,"X3",1,"X2","X1","GOOD"
"461","X1",36,"X3","X4",3620,"X1","X3",1,"X3","X3",2,"X2",37,"X3","X2",1,"X3",2,"X1","X1","GOOD"
"462","X1",15,"X3","X1",1721,"X1","X2",2,"X3","X1",3,"X1",36,"X3","X2",1,"X3",1,"X1","X1","GOOD"
"463","X2",12,"X3","X4",3017,"X1","X2",3,"X2","X1",1,"X1",34,"X3","X1",1,"X4",1,"X1","X1","GOOD"
"464","X2",12,"X3","X9",754,"X5","X5",4,"X3","X1",4,"X2",38,"X3","X2",2,"X3",1,"X1","X1","GOOD"
"465","X4",18,"X3","X10",1950,"X1","X4",4,"X3","X1",1,"X3",34,"X2","X2",2,"X3",1,"X2","X1","GOOD"
"466","X1",24,"X3","X2",2924,"X1","X3",3,"X3","X3",4,"X4",63,"X1","X2",1,"X3",2,"X2","X1","GOOD"
"467","X1",24,"X4","X5",1659,"X1","X2",4,"X2","X1",2,"X3",29,"X3","X1",1,"X2",1,"X2","X1","BAD"
"468","X4",48,"X4","X5",7238,"X5","X5",3,"X3","X1",3,"X3",32,"X1","X2",2,"X3",2,"X1","X1","GOOD"
"469","X4",33,"X4","X10",2764,"X1","X3",2,"X2","X1",2,"X3",26,"X3","X2",2,"X3",1,"X2","X1","GOOD"
"470","X4",24,"X4","X2",4679,"X1","X4",3,"X3","X1",3,"X3",35,"X3","X2",2,"X2",1,"X2","X1","GOOD"
"471","X2",24,"X3","X5",3092,"X2","X2",3,"X4","X1",2,"X3",22,"X3","X1",1,"X3",1,"X2","X1","BAD"
"472","X1",6,"X3","X8",448,"X1","X2",4,"X2","X1",4,"X2",23,"X3","X2",1,"X3",1,"X1","X1","BAD"
"473","X1",9,"X3","X1",654,"X1","X3",4,"X3","X1",3,"X3",28,"X3","X2",1,"X2",1,"X1","X1","BAD"
"474","X4",6,"X3","X9",1238,"X5","X1",4,"X3","X1",4,"X2",36,"X3","X2",1,"X4",2,"X2","X1","GOOD"
"475","X2",18,"X5","X5",1245,"X1","X3",4,"X4","X1",2,"X3",33,"X3","X2",1,"X3",1,"X1","X1","BAD"
"476","X1",18,"X1","X4",3114,"X1","X2",1,"X2","X1",4,"X2",26,"X3","X1",1,"X3",1,"X1","X1","BAD"
"477","X4",39,"X3","X2",2569,"X3","X3",4,"X3","X1",4,"X3",24,"X3","X2",1,"X3",1,"X1","X1","GOOD"
"478","X3",24,"X3","X5",5152,"X1","X4",4,"X3","X1",2,"X3",25,"X1","X2",1,"X3",1,"X1","X1","GOOD"
"479","X2",12,"X3","X10",1037,"X2","X4",3,"X3","X1",4,"X1",39,"X3","X2",1,"X2",1,"X1","X1","GOOD"
"480","X1",15,"X5","X4",1478,"X1","X5",4,"X3","X1",4,"X3",44,"X3","X2",2,"X3",2,"X2","X1","GOOD"
"481","X2",12,"X5","X5",3573,"X1","X3",1,"X2","X1",1,"X1",23,"X3","X2",1,"X2",1,"X1","X1","GOOD"
"482","X2",24,"X3","X1",1201,"X1","X2",4,"X3","X1",1,"X2",26,"X3","X2",1,"X3",1,"X1","X1","GOOD"
"483","X1",30,"X3","X4",3622,"X4","X5",4,"X2","X1",4,"X2",57,"X3","X1",2,"X3",1,"X2","X1","GOOD"
"484","X4",15,"X4","X4",960,"X4","X4",3,"X2","X1",2,"X2",30,"X3","X2",2,"X3",1,"X1","X1","GOOD"
"485","X4",12,"X5","X1",1163,"X3","X3",4,"X3","X1",4,"X1",44,"X3","X2",1,"X3",1,"X2","X1","GOOD"
"486","X2",6,"X4","X1",1209,"X1","X1",4,"X3","X1",4,"X2",47,"X3","X2",1,"X4",1,"X2","X1","BAD"
"487","X4",12,"X3","X5",3077,"X1","X3",2,"X3","X1",4,"X3",52,"X3","X2",1,"X3",1,"X2","X1","GOOD"
"488","X4",24,"X3","X1",3757,"X1","X5",4,"X2","X2",4,"X4",62,"X3","X3",1,"X3",1,"X2","X1","GOOD"
"489","X4",10,"X3","X1",1418,"X2","X3",3,"X3","X1",2,"X1",35,"X3","X1",1,"X2",1,"X1","X2","GOOD"
"490","X4",6,"X3","X1",3518,"X1","X3",2,"X3","X3",3,"X2",26,"X3","X1",1,"X3",1,"X1","X1","GOOD"
"491","X4",12,"X5","X5",1934,"X1","X5",2,"X3","X1",2,"X4",26,"X3","X2",2,"X3",1,"X1","X1","GOOD"
"492","X2",27,"X1","X10",8318,"X1","X5",2,"X2","X1",4,"X4",42,"X3","X3",2,"X4",1,"X2","X1","BAD"
"493","X4",6,"X5","X5",1237,"X2","X3",1,"X2","X1",1,"X2",27,"X3","X2",2,"X3",1,"X1","X1","GOOD"
"494","X2",6,"X3","X5",368,"X5","X5",4,"X3","X1",4,"X2",38,"X3","X2",1,"X3",1,"X1","X1","GOOD"
"495","X1",12,"X5","X1",2122,"X1","X3",3,"X3","X1",2,"X1",39,"X3","X1",2,"X2",2,"X1","X2","GOOD"
"496","X1",24,"X3","X4",2996,"X5","X3",2,"X4","X1",4,"X3",20,"X3","X2",1,"X3",1,"X1","X1","BAD"
"497","X2",36,"X3","X4",9034,"X2","X2",4,"X3","X2",1,"X4",29,"X3","X1",1,"X4",1,"X2","X1","BAD"
"498","X4",24,"X5","X4",1585,"X1","X4",4,"X3","X1",3,"X2",40,"X3","X2",2,"X3",1,"X1","X1","GOOD"
"499","X2",18,"X3","X5",1301,"X1","X5",4,"X4","X3",2,"X1",32,"X3","X2",1,"X2",1,"X1","X1","GOOD"
"500","X3",6,"X5","X1",1323,"X2","X5",2,"X1","X1",4,"X3",28,"X3","X2",2,"X3",2,"X2","X1","GOOD"
"501","X1",24,"X3","X1",3123,"X1","X2",4,"X2","X1",1,"X2",27,"X3","X2",1,"X3",1,"X1","X1","BAD"
"502","X1",36,"X3","X2",5493,"X1","X5",2,"X3","X1",4,"X4",42,"X3","X3",1,"X3",2,"X1","X1","GOOD"
"503","X3",9,"X3","X5",1126,"X2","X5",2,"X1","X1",4,"X1",49,"X3","X2",1,"X3",1,"X1","X1","GOOD"
"504","X2",24,"X5","X5",1216,"X2","X2",4,"X3","X1",4,"X4",38,"X1","X2",2,"X3",2,"X1","X1","BAD"
"505","X1",24,"X3","X1",1207,"X1","X2",4,"X2","X1",4,"X2",24,"X3","X1",1,"X3",1,"X1","X1","BAD"
"506","X4",10,"X3","X1",1309,"X5","X3",4,"X3","X3",4,"X2",27,"X3","X2",1,"X2",1,"X1","X1","BAD"
"507","X3",15,"X5","X2",2360,"X3","X3",2,"X3","X1",2,"X3",36,"X3","X2",1,"X3",1,"X2","X1","GOOD"
"508","X2",15,"X2","X1",6850,"X2","X1",1,"X3","X1",2,"X2",34,"X3","X2",1,"X4",2,"X2","X1","BAD"
"509","X4",24,"X3","X5",1413,"X1","X3",4,"X4","X1",2,"X2",28,"X3","X2",1,"X3",1,"X1","X1","GOOD"
"510","X4",39,"X3","X2",8588,"X2","X5",4,"X3","X1",2,"X3",45,"X3","X2",1,"X4",1,"X2","X1","GOOD"
"511","X1",12,"X3","X1",759,"X1","X4",4,"X3","X1",2,"X1",26,"X3","X2",1,"X3",1,"X1","X1","BAD"
"512","X4",36,"X3","X2",4686,"X1","X3",2,"X3","X1",2,"X4",32,"X3","X3",1,"X4",1,"X2","X1","GOOD"
"513","X3",15,"X3","X10",2687,"X1","X4",2,"X3","X1",4,"X2",26,"X3","X1",1,"X3",1,"X2","X1","GOOD"
"514","X2",12,"X4","X5",585,"X1","X3",4,"X4","X2",4,"X1",20,"X3","X1",2,"X3",1,"X1","X1","GOOD"
"515","X4",24,"X3","X1",2255,"X5","X2",4,"X3","X1",1,"X2",54,"X3","X2",1,"X3",1,"X1","X1","GOOD"
"516","X1",6,"X5","X1",609,"X1","X4",4,"X2","X1",3,"X2",37,"X3","X2",2,"X3",1,"X1","X2","GOOD"
"517","X1",6,"X5","X1",1361,"X1","X2",2,"X3","X1",4,"X1",40,"X3","X2",1,"X2",2,"X1","X2","GOOD"
"518","X4",36,"X5","X4",7127,"X1","X2",2,"X2","X1",4,"X2",23,"X3","X1",2,"X3",1,"X2","X1","BAD"
"519","X1",6,"X3","X1",1203,"X2","X5",3,"X3","X1",2,"X2",43,"X3","X2",1,"X3",1,"X2","X1","GOOD"
"520","X4",6,"X5","X5",700,"X5","X5",4,"X3","X1",4,"X4",36,"X3","X3",2,"X3",1,"X1","X1","GOOD"
"521","X4",24,"X5","X7",5507,"X1","X5",3,"X3","X1",4,"X4",44,"X3","X3",2,"X3",1,"X1","X1","GOOD"
"522","X1",18,"X3","X5",3190,"X1","X3",2,"X2","X1",2,"X1",24,"X3","X2",1,"X3",1,"X1","X1","BAD"
"523","X1",48,"X1","X4",7119,"X1","X3",3,"X3","X1",4,"X4",53,"X3","X3",2,"X3",2,"X1","X1","BAD"
"524","X4",24,"X3","X2",3488,"X2","X4",3,"X2","X1",4,"X3",23,"X3","X2",1,"X3",1,"X1","X1","GOOD"
"525","X2",18,"X3","X5",1113,"X1","X3",4,"X2","X3",4,"X1",26,"X3","X2",1,"X2",2,"X1","X1","GOOD"
"526","X2",26,"X3","X2",7966,"X1","X2",2,"X3","X1",3,"X3",30,"X3","X2",2,"X3",1,"X1","X1","GOOD"
"527","X4",15,"X5","X8",1532,"X2","X3",4,"X2","X1",3,"X3",31,"X3","X2",1,"X3",1,"X1","X1","GOOD"
"528","X4",4,"X5","X5",1503,"X1","X4",2,"X3","X1",1,"X1",42,"X3","X2",2,"X2",2,"X1","X1","GOOD"
"529","X1",36,"X3","X5",2302,"X1","X3",4,"X1","X1",4,"X3",31,"X3","X1",1,"X3",1,"X1","X1","BAD"
"530","X1",6,"X3","X1",662,"X1","X2",3,"X3","X1",4,"X1",41,"X3","X2",1,"X2",2,"X2","X1","GOOD"
"531","X2",36,"X3","X8",2273,"X1","X4",3,"X3","X1",1,"X3",32,"X3","X2",2,"X3",2,"X1","X1","GOOD"
"532","X2",15,"X3","X1",2631,"X2","X3",2,"X2","X1",4,"X3",28,"X3","X1",2,"X3",1,"X2","X1","BAD"
"533","X4",12,"X4","X2",1503,"X1","X3",4,"X4","X1",4,"X1",41,"X3","X1",1,"X3",1,"X1","X1","GOOD"
"534","X4",24,"X3","X5",1311,"X2","X4",4,"X4","X1",3,"X2",26,"X3","X2",1,"X3",1,"X2","X1","GOOD"
"535","X4",24,"X3","X5",3105,"X5","X2",4,"X3","X1",2,"X3",25,"X3","X2",2,"X3",1,"X1","X1","GOOD"
"536","X3",21,"X5","X8",2319,"X1","X2",2,"X1","X1",1,"X3",33,"X3","X1",1,"X3",1,"X1","X1","BAD"
"537","X1",6,"X3","X1",1374,"X5","X1",4,"X2","X1",3,"X2",75,"X3","X2",1,"X4",1,"X2","X1","GOOD"
"538","X2",18,"X5","X4",3612,"X1","X5",3,"X2","X1",4,"X2",37,"X3","X2",1,"X3",1,"X2","X1","GOOD"
"539","X1",48,"X3","X1",7763,"X1","X5",4,"X3","X1",4,"X4",42,"X1","X3",1,"X4",1,"X1","X1","BAD"
"540","X3",18,"X3","X4",3049,"X1","X2",1,"X2","X1",1,"X2",45,"X2","X2",1,"X2",1,"X1","X1","GOOD"
"541","X2",12,"X3","X5",1534,"X1","X2",1,"X4","X1",1,"X1",23,"X3","X1",1,"X3",1,"X1","X1","BAD"
"542","X4",24,"X4","X1",2032,"X1","X5",4,"X3","X1",4,"X4",60,"X3","X3",2,"X3",1,"X2","X1","GOOD"
"543","X1",30,"X3","X4",6350,"X5","X5",4,"X3","X1",4,"X2",31,"X3","X2",1,"X3",1,"X1","X1","BAD"
"544","X3",18,"X3","X4",2864,"X1","X3",2,"X3","X1",1,"X1",34,"X3","X2",1,"X2",2,"X1","X1","BAD"
"545","X4",12,"X5","X1",1255,"X1","X5",4,"X3","X1",4,"X1",61,"X3","X2",2,"X2",1,"X1","X1","GOOD"
"546","X1",24,"X4","X1",1333,"X1","X1",4,"X3","X1",2,"X1",43,"X3","X3",2,"X3",2,"X1","X1","BAD"
"547","X4",24,"X5","X1",2022,"X1","X3",4,"X2","X1",4,"X3",37,"X3","X2",1,"X3",1,"X2","X1","GOOD"
"548","X4",24,"X3","X5",1552,"X1","X4",3,"X3","X1",1,"X3",32,"X1","X2",1,"X3",2,"X1","X1","GOOD"
"549","X1",12,"X2","X5",626,"X1","X3",4,"X2","X1",4,"X1",24,"X1","X2",1,"X2",1,"X1","X1","BAD"
"550","X4",48,"X5","X2",8858,"X5","X4",2,"X3","X1",1,"X4",35,"X3","X3",2,"X3",1,"X2","X1","GOOD"
"551","X4",12,"X5","X7",996,"X5","X4",4,"X2","X1",4,"X1",23,"X3","X2",2,"X3",1,"X1","X1","GOOD"
"552","X4",6,"X2","X5",1750,"X3","X5",2,"X3","X1",4,"X2",45,"X1","X2",1,"X2",2,"X1","X1","GOOD"
"553","X1",48,"X3","X5",6999,"X1","X4",1,"X4","X3",1,"X1",34,"X3","X2",2,"X3",1,"X2","X1","BAD"
"554","X2",12,"X5","X1",1995,"X2","X2",4,"X3","X1",1,"X3",27,"X3","X2",1,"X3",1,"X1","X1","GOOD"
"555","X2",9,"X3","X8",1199,"X1","X4",4,"X2","X1",4,"X2",67,"X3","X2",2,"X4",1,"X2","X1","GOOD"
"556","X2",12,"X3","X5",1331,"X1","X2",2,"X3","X1",1,"X3",22,"X2","X2",1,"X3",1,"X1","X1","BAD"
"557","X2",18,"X1","X1",2278,"X2","X2",3,"X2","X1",3,"X3",28,"X3","X2",2,"X3",1,"X1","X1","BAD"
"558","X4",21,"X1","X1",5003,"X5","X3",1,"X2","X1",4,"X2",29,"X1","X2",2,"X3",1,"X2","X1","BAD"
"559","X1",24,"X2","X4",3552,"X1","X4",3,"X3","X1",4,"X3",27,"X1","X2",1,"X3",1,"X1","X1","BAD"
"560","X2",18,"X5","X4",1928,"X1","X2",2,"X3","X1",2,"X1",31,"X3","X2",2,"X2",1,"X1","X1","BAD"
"561","X1",24,"X3","X2",2964,"X5","X5",4,"X3","X1",4,"X4",49,"X1","X3",1,"X3",2,"X2","X1","GOOD"
"562","X1",24,"X2","X5",1546,"X1","X4",4,"X3","X3",4,"X3",24,"X1","X1",1,"X2",1,"X1","X1","BAD"
"563","X3",6,"X4","X5",683,"X1","X2",2,"X2","X1",1,"X2",29,"X1","X2",1,"X3",1,"X1","X1","GOOD"
"564","X2",36,"X3","X1",12389,"X5","X3",1,"X3","X1",4,"X4",37,"X3","X3",1,"X3",1,"X2","X1","BAD"
"565","X2",24,"X4","X10",4712,"X5","X3",4,"X3","X1",2,"X2",37,"X1","X2",2,"X4",1,"X2","X1","GOOD"
"566","X2",24,"X4","X5",1553,"X2","X4",3,"X2","X1",2,"X2",23,"X3","X1",2,"X3",1,"X2","X1","GOOD"
"567","X1",12,"X3","X1",1372,"X1","X4",2,"X1","X1",3,"X3",36,"X3","X2",1,"X3",1,"X1","X1","BAD"
"568","X4",24,"X5","X5",2578,"X4","X5",2,"X3","X1",2,"X3",34,"X3","X2",1,"X3",1,"X1","X1","GOOD"
"569","X2",48,"X3","X5",3979,"X5","X4",4,"X3","X1",1,"X3",41,"X3","X2",2,"X3",2,"X2","X1","GOOD"
"570","X1",48,"X3","X5",6758,"X1","X3",3,"X2","X1",2,"X3",31,"X3","X2",1,"X3",1,"X2","X1","BAD"
"571","X1",24,"X3","X4",3234,"X1","X2",4,"X2","X1",4,"X1",23,"X3","X1",1,"X2",1,"X2","X1","BAD"
"572","X4",30,"X5","X5",5954,"X1","X4",3,"X3","X2",2,"X3",38,"X3","X2",1,"X3",1,"X1","X1","GOOD"
"573","X4",24,"X3","X2",5433,"X5","X1",2,"X2","X1",4,"X2",26,"X3","X1",1,"X4",1,"X2","X1","GOOD"
"574","X1",15,"X3","X10",806,"X1","X3",4,"X2","X1",4,"X2",22,"X3","X2",1,"X2",1,"X1","X1","GOOD"
"575","X2",9,"X3","X5",1082,"X1","X5",4,"X3","X1",4,"X3",27,"X3","X2",2,"X2",1,"X1","X1","GOOD"
"576","X4",15,"X5","X4",2788,"X1","X4",2,"X2","X2",3,"X3",24,"X1","X2",2,"X3",1,"X1","X1","GOOD"
"577","X2",12,"X3","X5",2930,"X1","X4",2,"X2","X1",1,"X1",27,"X3","X2",1,"X3",1,"X1","X1","GOOD"
"578","X4",24,"X5","X8",1927,"X5","X3",3,"X2","X1",2,"X3",33,"X3","X2",2,"X3",1,"X2","X1","GOOD"
"579","X2",36,"X5","X1",2820,"X1","X2",4,"X1","X1",4,"X3",27,"X3","X2",2,"X3",1,"X1","X1","BAD"
"580","X4",24,"X3","X9",937,"X1","X2",4,"X4","X1",3,"X3",27,"X3","X2",2,"X2",1,"X1","X1","GOOD"
"581","X2",18,"X5","X1",1056,"X1","X5",3,"X3","X3",3,"X1",30,"X1","X2",2,"X3",1,"X1","X1","BAD"
"582","X2",12,"X5","X1",3124,"X1","X2",1,"X3","X1",3,"X1",49,"X1","X2",2,"X2",2,"X1","X1","GOOD"
"583","X4",9,"X3","X4",1388,"X1","X3",4,"X2","X1",2,"X1",26,"X3","X1",1,"X3",1,"X1","X1","GOOD"
"584","X2",36,"X3","X7",2384,"X1","X2",4,"X3","X1",1,"X4",33,"X3","X1",1,"X2",1,"X1","X1","BAD"
"585","X4",12,"X3","X1",2133,"X5","X5",4,"X2","X1",4,"X4",52,"X3","X3",1,"X4",1,"X2","X1","GOOD"
"586","X1",18,"X3","X4",2039,"X1","X3",1,"X2","X1",4,"X1",20,"X1","X1",1,"X3",1,"X1","X1","BAD"
"587","X1",9,"X5","X1",2799,"X1","X3",2,"X3","X1",2,"X1",36,"X3","X1",2,"X3",2,"X1","X1","GOOD"
"588","X1",12,"X3","X4",1289,"X1","X3",4,"X3","X3",1,"X2",21,"X3","X2",1,"X2",1,"X1","X1","GOOD"
"589","X1",18,"X3","X6",1217,"X1","X3",4,"X4","X1",3,"X1",47,"X3","X2",1,"X2",1,"X2","X1","BAD"
"590","X1",12,"X5","X4",2246,"X1","X5",3,"X3","X1",3,"X2",60,"X3","X2",2,"X3",1,"X1","X1","BAD"
"591","X1",12,"X5","X5",385,"X1","X4",4,"X2","X1",3,"X1",58,"X3","X2",4,"X2",1,"X2","X1","GOOD"
"592","X2",24,"X4","X1",1965,"X5","X3",4,"X2","X1",4,"X3",42,"X3","X1",2,"X3",1,"X2","X1","GOOD"
"593","X4",21,"X3","X10",1572,"X4","X5",4,"X2","X1",4,"X1",36,"X1","X2",1,"X2",1,"X1","X1","GOOD"
"594","X2",24,"X3","X1",2718,"X1","X3",3,"X2","X1",4,"X2",20,"X3","X1",1,"X2",1,"X2","X1","BAD"
"595","X1",24,"X2","X3",1358,"X5","X5",4,"X3","X1",3,"X3",40,"X2","X2",1,"X4",1,"X2","X1","BAD"
"596","X2",6,"X2","X1",931,"X2","X2",1,"X2","X1",1,"X2",32,"X2","X2",1,"X2",1,"X1","X1","BAD"
"597","X1",24,"X3","X1",1442,"X1","X4",4,"X2","X1",4,"X3",23,"X3","X1",2,"X3",1,"X1","X1","BAD"
"598","X2",24,"X1","X10",4241,"X1","X3",1,"X3","X1",4,"X1",36,"X3","X2",3,"X2",1,"X2","X1","BAD"
"599","X4",18,"X5","X1",2775,"X1","X4",2,"X3","X1",2,"X2",31,"X1","X2",2,"X3",1,"X1","X1","BAD"
"600","X4",24,"X4","X10",3863,"X1","X3",1,"X3","X1",2,"X4",32,"X3","X3",1,"X3",1,"X1","X1","GOOD"
"601","X2",7,"X3","X5",2329,"X1","X2",1,"X2","X3",1,"X1",45,"X3","X2",1,"X3",1,"X1","X1","GOOD"
"602","X2",9,"X3","X4",918,"X1","X3",4,"X2","X1",1,"X2",30,"X3","X2",1,"X3",1,"X1","X1","BAD"
"603","X2",24,"X2","X8",1837,"X1","X4",4,"X2","X1",4,"X4",34,"X1","X3",1,"X2",1,"X1","X1","BAD"
"604","X4",36,"X3","X4",3349,"X1","X3",4,"X2","X1",2,"X3",28,"X3","X2",1,"X4",1,"X2","X1","BAD"
"605","X3",10,"X3","X4",1275,"X1","X2",4,"X2","X1",2,"X2",23,"X3","X2",1,"X3",1,"X1","X1","GOOD"
"606","X1",24,"X2","X4",2828,"X3","X3",4,"X3","X1",4,"X1",22,"X2","X2",1,"X3",1,"X2","X1","GOOD"
"607","X4",24,"X5","X10",4526,"X1","X3",3,"X3","X1",2,"X1",74,"X3","X2",1,"X4",1,"X2","X1","GOOD"
"608","X2",36,"X3","X5",2671,"X2","X3",4,"X2","X2",4,"X4",50,"X3","X3",1,"X3",1,"X1","X1","BAD"
"609","X4",18,"X3","X5",2051,"X1","X2",4,"X3","X1",1,"X1",33,"X3","X2",1,"X3",1,"X1","X1","GOOD"
"610","X4",15,"X3","X2",1300,"X5","X5",4,"X3","X1",4,"X4",45,"X1","X3",1,"X3",2,"X1","X1","GOOD"
"611","X1",12,"X3","X6",741,"X2","X1",4,"X2","X1",3,"X2",22,"X3","X2",1,"X3",1,"X1","X1","BAD"
"612","X3",10,"X3","X1",1240,"X2","X5",1,"X2","X1",4,"X4",48,"X3","X3",1,"X2",2,"X1","X1","BAD"
"613","X1",21,"X3","X5",3357,"X4","X2",4,"X2","X1",2,"X3",29,"X1","X2",1,"X3",1,"X1","X1","GOOD"
"614","X1",24,"X2","X2",3632,"X1","X3",1,"X2","X3",4,"X3",22,"X1","X1",1,"X3",1,"X1","X2","GOOD"
"615","X4",18,"X4","X4",1808,"X1","X4",4,"X2","X1",1,"X1",22,"X3","X2",1,"X3",1,"X1","X1","BAD"
"616","X2",48,"X1","X10",12204,"X5","X3",2,"X3","X1",2,"X3",48,"X1","X2",1,"X4",1,"X2","X1","GOOD"
"617","X2",60,"X4","X5",9157,"X5","X3",2,"X3","X1",2,"X4",27,"X3","X3",1,"X4",1,"X1","X1","GOOD"
"618","X1",6,"X5","X1",3676,"X1","X3",1,"X3","X1",3,"X1",37,"X3","X1",3,"X3",2,"X1","X1","GOOD"
"619","X2",30,"X3","X4",3441,"X2","X3",2,"X2","X2",4,"X3",21,"X3","X1",1,"X3",1,"X1","X1","BAD"
"620","X4",12,"X3","X1",640,"X1","X3",4,"X1","X1",2,"X1",49,"X3","X2",1,"X2",1,"X1","X1","GOOD"
"621","X2",21,"X5","X10",3652,"X1","X4",2,"X3","X1",3,"X2",27,"X3","X2",2,"X3",1,"X1","X1","GOOD"
"622","X4",18,"X5","X1",1530,"X1","X3",3,"X3","X1",2,"X2",32,"X1","X2",2,"X3",1,"X1","X1","BAD"
"623","X4",48,"X3","X10",3914,"X5","X3",4,"X1","X1",2,"X1",38,"X1","X2",1,"X3",1,"X1","X1","BAD"
"624","X1",12,"X3","X4",1858,"X1","X2",4,"X2","X1",1,"X3",22,"X3","X1",1,"X3",1,"X1","X1","GOOD"
"625","X1",18,"X3","X5",2600,"X1","X3",4,"X3","X1",4,"X4",65,"X3","X3",2,"X3",1,"X1","X1","BAD"
"626","X4",15,"X3","X5",1979,"X5","X5",4,"X3","X1",2,"X3",35,"X3","X2",1,"X3",1,"X1","X1","GOOD"
"627","X3",6,"X3","X4",2116,"X1","X3",2,"X3","X1",2,"X1",41,"X3","X2",1,"X3",1,"X2","X1","GOOD"
"628","X2",9,"X2","X1",1437,"X2","X4",2,"X3","X1",3,"X4",29,"X3","X2",1,"X3",1,"X1","X1","BAD"
"629","X4",42,"X5","X4",4042,"X3","X3",4,"X3","X1",4,"X1",36,"X3","X2",2,"X3",1,"X2","X1","GOOD"
"630","X4",9,"X3","X8",3832,"X5","X5",1,"X3","X1",4,"X1",64,"X3","X2",1,"X2",1,"X1","X1","GOOD"
"631","X1",24,"X3","X5",3660,"X1","X3",2,"X2","X1",4,"X3",28,"X3","X2",1,"X3",1,"X1","X1","GOOD"
"632","X1",18,"X2","X4",1553,"X1","X3",4,"X3","X1",3,"X3",44,"X1","X2",1,"X3",1,"X1","X1","BAD"
"633","X2",15,"X3","X5",1444,"X5","X2",4,"X3","X1",1,"X2",23,"X3","X2",1,"X3",1,"X1","X1","GOOD"
"634","X4",9,"X3","X4",1980,"X1","X2",2,"X2","X2",2,"X3",19,"X3","X1",2,"X3",1,"X1","X1","BAD"
"635","X2",24,"X3","X1",1355,"X1","X2",3,"X2","X1",4,"X3",25,"X3","X2",1,"X2",1,"X2","X1","BAD"
"636","X4",12,"X3","X8",1393,"X1","X5",4,"X3","X1",4,"X2",47,"X1","X2",3,"X3",2,"X2","X1","GOOD"
"637","X4",24,"X3","X5",1376,"X3","X4",4,"X2","X1",1,"X3",28,"X3","X2",1,"X3",1,"X1","X1","GOOD"
"638","X4",60,"X4","X5",15653,"X1","X4",2,"X3","X1",4,"X3",21,"X3","X2",2,"X3",1,"X2","X1","GOOD"
"639","X4",12,"X3","X5",1493,"X1","X2",4,"X2","X1",3,"X3",34,"X3","X2",1,"X3",2,"X1","X1","GOOD"
"640","X1",42,"X4","X5",4370,"X1","X4",3,"X3","X1",2,"X2",26,"X1","X2",2,"X3",2,"X2","X1","BAD"
"641","X1",18,"X3","X8",750,"X1","X1",4,"X2","X1",1,"X1",27,"X3","X2",1,"X1",1,"X1","X1","BAD"
"642","X2",15,"X3","X7",1308,"X1","X5",4,"X3","X1",4,"X3",38,"X3","X2",2,"X2",1,"X1","X1","GOOD"
"643","X4",15,"X3","X8",4623,"X2","X3",3,"X3","X1",2,"X2",40,"X3","X2",1,"X4",1,"X2","X1","BAD"
"644","X4",24,"X5","X5",1851,"X1","X4",4,"X4","X3",2,"X3",33,"X3","X2",2,"X3",1,"X2","X1","GOOD"
"645","X1",18,"X5","X5",1880,"X1","X4",4,"X4","X1",1,"X2",32,"X3","X2",2,"X4",1,"X2","X1","GOOD"
"646","X4",36,"X4","X10",7980,"X5","X2",4,"X3","X1",4,"X3",27,"X3","X1",2,"X3",1,"X2","X1","BAD"
"647","X1",30,"X1","X4",4583,"X1","X3",2,"X1","X3",2,"X1",32,"X3","X2",2,"X3",1,"X1","X1","GOOD"
"648","X4",12,"X3","X1",1386,"X3","X3",2,"X2","X1",2,"X2",26,"X3","X2",1,"X3",1,"X1","X1","BAD"
"649","X3",24,"X3","X1",947,"X1","X4",4,"X3","X1",3,"X4",38,"X1","X3",1,"X3",2,"X1","X1","BAD"
"650","X1",12,"X3","X8",684,"X1","X3",4,"X3","X1",4,"X3",40,"X3","X1",1,"X2",2,"X1","X1","BAD"
"651","X1",48,"X3","X8",7476,"X1","X4",4,"X3","X1",1,"X4",50,"X3","X3",1,"X4",1,"X2","X1","GOOD"
"652","X2",12,"X3","X4",1922,"X1","X3",4,"X3","X1",2,"X2",37,"X3","X2",1,"X2",1,"X1","X1","BAD"
"653","X1",24,"X3","X1",2303,"X1","X5",4,"X3","X2",1,"X1",45,"X3","X2",1,"X3",1,"X1","X1","BAD"
"654","X2",36,"X4","X1",8086,"X2","X5",2,"X3","X1",4,"X3",42,"X3","X2",4,"X4",1,"X2","X1","BAD"
"655","X4",24,"X5","X2",2346,"X1","X4",4,"X3","X1",3,"X3",35,"X3","X2",2,"X3",1,"X2","X1","GOOD"
"656","X1",14,"X3","X1",3973,"X1","X1",1,"X3","X1",4,"X4",22,"X3","X3",1,"X3",1,"X1","X1","GOOD"
"657","X2",12,"X3","X1",888,"X1","X5",4,"X3","X1",4,"X3",41,"X1","X2",1,"X2",2,"X1","X1","BAD"
"658","X4",48,"X3","X5",10222,"X5","X4",4,"X3","X1",3,"X3",37,"X2","X2",1,"X3",1,"X2","X1","GOOD"
"659","X2",30,"X1","X10",4221,"X1","X3",2,"X2","X1",1,"X3",28,"X3","X2",2,"X3",1,"X1","X1","GOOD"
"660","X2",18,"X5","X4",6361,"X1","X5",2,"X3","X1",1,"X4",41,"X3","X2",1,"X3",1,"X2","X1","GOOD"
"661","X3",12,"X3","X5",1297,"X1","X3",3,"X4","X1",4,"X1",23,"X3","X1",1,"X3",1,"X1","X1","GOOD"
"662","X1",12,"X3","X1",900,"X5","X3",4,"X4","X1",2,"X3",23,"X3","X2",1,"X3",1,"X1","X1","BAD"
"663","X4",21,"X3","X4",2241,"X1","X5",4,"X3","X1",2,"X1",50,"X3","X2",2,"X3",1,"X1","X1","GOOD"
"664","X2",6,"X4","X4",1050,"X1","X1",4,"X3","X1",1,"X2",35,"X2","X2",2,"X4",1,"X2","X1","GOOD"
"665","X3",6,"X5","X8",1047,"X1","X3",2,"X2","X1",4,"X2",50,"X3","X2",1,"X2",1,"X1","X1","GOOD"
"666","X4",24,"X5","X3",6314,"X1","X1",4,"X3","X2",2,"X4",27,"X1","X2",2,"X4",1,"X2","X1","GOOD"
"667","X2",30,"X2","X4",3496,"X4","X3",4,"X3","X1",2,"X3",34,"X2","X2",1,"X3",2,"X2","X1","GOOD"
"668","X4",48,"X2","X10",3609,"X1","X3",1,"X2","X1",1,"X1",27,"X2","X2",1,"X3",1,"X1","X1","GOOD"
"669","X1",12,"X5","X1",4843,"X1","X5",3,"X3","X2",4,"X2",43,"X3","X1",2,"X3",1,"X2","X1","BAD"
"670","X3",30,"X5","X5",3017,"X1","X5",4,"X3","X1",4,"X2",47,"X3","X2",1,"X3",1,"X1","X1","GOOD"
"671","X4",24,"X5","X10",4139,"X2","X3",3,"X3","X1",3,"X2",27,"X3","X2",2,"X2",1,"X2","X1","GOOD"
"672","X4",36,"X3","X10",5742,"X2","X4",2,"X3","X1",2,"X3",31,"X3","X2",2,"X3",1,"X2","X1","GOOD"
"673","X4",60,"X3","X1",10366,"X1","X5",2,"X3","X1",4,"X2",42,"X3","X2",1,"X4",1,"X2","X1","GOOD"
"674","X4",6,"X5","X1",2080,"X3","X3",1,"X4","X1",2,"X3",24,"X3","X2",1,"X3",1,"X1","X1","GOOD"
"675","X4",21,"X4","X10",2580,"X3","X2",4,"X3","X1",2,"X1",41,"X1","X2",1,"X2",2,"X1","X1","BAD"
"676","X4",30,"X5","X5",4530,"X1","X4",4,"X2","X1",4,"X3",26,"X3","X1",1,"X4",1,"X2","X1","GOOD"
"677","X4",24,"X5","X4",5150,"X1","X5",4,"X3","X1",4,"X3",33,"X3","X2",1,"X3",1,"X2","X1","GOOD"
"678","X2",72,"X3","X5",5595,"X2","X3",2,"X4","X1",2,"X3",24,"X3","X2",1,"X3",1,"X1","X1","BAD"
"679","X1",24,"X3","X5",2384,"X1","X5",4,"X3","X1",4,"X1",64,"X1","X1",1,"X2",1,"X1","X1","GOOD"
"680","X4",18,"X3","X5",1453,"X1","X2",3,"X2","X1",1,"X1",26,"X3","X2",1,"X3",1,"X1","X1","GOOD"
"681","X4",6,"X3","X8",1538,"X1","X2",1,"X2","X1",2,"X4",56,"X3","X2",1,"X3",1,"X1","X1","GOOD"
"682","X4",12,"X3","X5",2279,"X5","X3",4,"X3","X1",4,"X4",37,"X3","X3",1,"X3",1,"X2","X1","GOOD"
"683","X4",15,"X4","X5",1478,"X1","X3",4,"X4","X1",3,"X1",33,"X1","X2",2,"X3",1,"X1","X1","GOOD"
"684","X4",24,"X5","X5",5103,"X1","X2",3,"X4","X1",3,"X4",47,"X3","X3",3,"X3",1,"X2","X1","GOOD"
"685","X2",36,"X4","X10",9857,"X2","X4",1,"X3","X1",3,"X2",31,"X3","X2",2,"X2",2,"X2","X1","GOOD"
"686","X4",60,"X3","X1",6527,"X5","X3",4,"X3","X1",4,"X4",34,"X3","X3",1,"X3",2,"X2","X1","GOOD"
"687","X3",10,"X5","X5",1347,"X5","X4",4,"X3","X1",2,"X2",27,"X3","X2",2,"X3",1,"X2","X1","GOOD"
"688","X2",36,"X4","X1",2862,"X2","X5",4,"X3","X1",3,"X4",30,"X3","X3",1,"X3",1,"X1","X1","GOOD"
"689","X4",9,"X3","X5",2753,"X2","X5",3,"X3","X2",4,"X3",35,"X3","X2",1,"X3",1,"X2","X1","GOOD"
"690","X1",12,"X3","X1",3651,"X4","X3",1,"X3","X1",3,"X2",31,"X3","X2",1,"X3",2,"X1","X1","GOOD"
"691","X1",15,"X5","X4",975,"X1","X3",2,"X1","X1",3,"X2",25,"X3","X2",2,"X3",1,"X1","X1","GOOD"
"692","X2",15,"X3","X7",2631,"X2","X3",3,"X2","X1",2,"X1",25,"X3","X2",1,"X2",1,"X1","X1","GOOD"
"693","X2",24,"X3","X5",2896,"X2","X2",2,"X3","X1",1,"X3",29,"X3","X2",1,"X3",1,"X1","X1","GOOD"
"694","X1",6,"X5","X1",4716,"X5","X2",1,"X3","X1",3,"X1",44,"X3","X2",2,"X2",2,"X1","X1","GOOD"
"695","X4",24,"X3","X5",2284,"X1","X4",4,"X3","X1",2,"X3",28,"X3","X2",1,"X3",1,"X2","X1","GOOD"
"696","X4",6,"X3","X2",1236,"X3","X3",2,"X3","X1",4,"X2",50,"X3","X1",1,"X3",1,"X1","X1","GOOD"
"697","X2",12,"X3","X5",1103,"X1","X4",4,"X3","X3",3,"X1",29,"X3","X2",2,"X3",1,"X1","X2","GOOD"
"698","X4",12,"X5","X1",926,"X1","X1",1,"X2","X1",2,"X2",38,"X3","X2",1,"X1",1,"X1","X1","GOOD"
"699","X4",18,"X5","X5",1800,"X1","X3",4,"X3","X1",2,"X3",24,"X3","X2",2,"X3",1,"X1","X1","GOOD"
"700","X3",15,"X3","X8",1905,"X1","X5",4,"X3","X1",4,"X3",40,"X3","X1",1,"X4",1,"X2","X1","GOOD"
"701","X4",12,"X3","X4",1123,"X3","X3",4,"X2","X1",4,"X3",29,"X3","X1",1,"X2",1,"X1","X1","BAD"
"702","X1",48,"X5","X2",6331,"X1","X5",4,"X3","X1",4,"X4",46,"X3","X3",2,"X3",1,"X2","X1","BAD"
"703","X3",24,"X3","X5",1377,"X2","X5",4,"X2","X1",2,"X4",47,"X3","X3",1,"X3",1,"X2","X1","GOOD"
"704","X2",30,"X4","X10",2503,"X2","X5",4,"X3","X1",2,"X2",41,"X2","X2",2,"X3",1,"X1","X1","GOOD"
"705","X2",27,"X3","X10",2528,"X1","X2",4,"X2","X1",1,"X2",32,"X3","X2",1,"X3",2,"X2","X1","GOOD"
"706","X4",15,"X3","X1",5324,"X3","X5",1,"X2","X1",4,"X4",35,"X3","X3",1,"X3",1,"X1","X1","GOOD"
"707","X2",48,"X3","X1",6560,"X2","X4",3,"X3","X1",2,"X2",24,"X3","X2",1,"X3",1,"X1","X1","BAD"
"708","X2",12,"X1","X4",2969,"X1","X2",4,"X2","X1",3,"X2",25,"X3","X1",2,"X3",1,"X1","X1","BAD"
"709","X2",9,"X3","X5",1206,"X1","X5",4,"X2","X1",4,"X1",25,"X3","X2",1,"X3",1,"X1","X1","GOOD"
"710","X2",9,"X3","X5",2118,"X1","X3",2,"X3","X1",2,"X1",37,"X3","X2",1,"X2",2,"X1","X1","GOOD"
"711","X4",18,"X5","X5",629,"X3","X5",4,"X3","X1",3,"X2",32,"X1","X2",2,"X4",1,"X2","X1","GOOD"
"712","X1",6,"X2","X8",1198,"X1","X5",4,"X2","X1",4,"X4",35,"X3","X3",1,"X3",1,"X1","X1","BAD"
"713","X4",21,"X3","X2",2476,"X5","X5",4,"X3","X1",4,"X1",46,"X3","X2",1,"X4",1,"X2","X1","GOOD"
"714","X1",9,"X5","X5",1138,"X1","X3",4,"X3","X1",4,"X1",25,"X3","X2",2,"X2",1,"X1","X1","GOOD"
"715","X2",60,"X3","X1",14027,"X1","X4",4,"X3","X1",2,"X4",27,"X3","X2",1,"X4",1,"X2","X1","BAD"
"716","X4",30,"X5","X2",7596,"X5","X5",1,"X3","X1",4,"X3",63,"X3","X2",2,"X3",1,"X1","X1","GOOD"
"717","X4",30,"X5","X5",3077,"X5","X5",3,"X3","X1",2,"X3",40,"X3","X2",2,"X3",2,"X2","X1","GOOD"
"718","X4",18,"X3","X5",1505,"X1","X3",4,"X3","X1",2,"X4",32,"X3","X3",1,"X4",1,"X2","X1","GOOD"
"719","X3",24,"X5","X5",3148,"X5","X3",3,"X3","X1",2,"X3",31,"X3","X2",2,"X3",1,"X2","X1","GOOD"
"720","X2",20,"X1","X2",6148,"X2","X5",3,"X4","X1",4,"X3",31,"X1","X2",2,"X3",1,"X2","X1","GOOD"
"721","X3",9,"X1","X5",1337,"X1","X2",4,"X3","X1",2,"X3",34,"X3","X2",2,"X4",1,"X2","X1","BAD"
"722","X2",6,"X2","X8",433,"X4","X2",4,"X2","X1",2,"X2",24,"X1","X1",1,"X3",2,"X1","X1","BAD"
"723","X1",12,"X3","X1",1228,"X1","X3",4,"X2","X1",2,"X1",24,"X3","X2",1,"X2",1,"X1","X1","BAD"
"724","X2",9,"X3","X5",790,"X3","X3",4,"X2","X1",3,"X1",66,"X3","X2",1,"X2",1,"X1","X1","GOOD"
"725","X4",27,"X3","X1",2570,"X1","X3",3,"X2","X1",3,"X1",21,"X3","X1",1,"X3",1,"X1","X1","BAD"
"726","X4",6,"X5","X1",250,"X4","X3",2,"X2","X1",2,"X1",41,"X1","X2",2,"X2",1,"X1","X1","GOOD"
"727","X4",15,"X5","X5",1316,"X3","X3",2,"X4","X1",2,"X2",47,"X3","X2",2,"X2",1,"X1","X1","GOOD"
"728","X1",18,"X3","X5",1882,"X1","X3",4,"X2","X1",4,"X3",25,"X1","X1",2,"X3",1,"X1","X1","BAD"
"729","X2",48,"X2","X10",6416,"X1","X5",4,"X2","X1",3,"X4",59,"X3","X1",1,"X3",1,"X1","X1","BAD"
"730","X3",24,"X5","X10",1275,"X4","X3",2,"X1","X1",4,"X1",36,"X3","X2",2,"X3",1,"X2","X1","GOOD"
"731","X2",24,"X4","X5",6403,"X1","X2",1,"X3","X1",2,"X3",33,"X3","X2",1,"X3",1,"X1","X1","GOOD"
"732","X1",24,"X3","X5",1987,"X1","X3",2,"X3","X1",4,"X1",21,"X3","X1",1,"X2",2,"X1","X1","BAD"
"733","X2",8,"X3","X5",760,"X1","X4",4,"X2","X3",2,"X1",44,"X3","X2",1,"X2",1,"X1","X1","GOOD"
"734","X4",24,"X3","X2",2603,"X4","X3",2,"X2","X1",4,"X3",28,"X3","X1",1,"X3",1,"X2","X1","GOOD"
"735","X4",4,"X5","X1",3380,"X1","X4",1,"X2","X1",1,"X1",37,"X3","X2",1,"X3",2,"X1","X1","GOOD"
"736","X2",36,"X2","X6",3990,"X5","X2",3,"X2","X1",2,"X4",29,"X1","X2",1,"X1",1,"X1","X1","GOOD"
"737","X2",24,"X3","X2",11560,"X1","X3",1,"X2","X1",4,"X3",23,"X3","X1",2,"X4",1,"X1","X1","BAD"
"738","X1",18,"X3","X1",4380,"X2","X3",3,"X3","X1",4,"X3",35,"X3","X2",1,"X2",2,"X2","X1","GOOD"
"739","X4",6,"X5","X1",6761,"X1","X4",1,"X3","X1",3,"X4",45,"X3","X2",2,"X4",2,"X2","X1","GOOD"
"740","X2",30,"X1","X10",4280,"X2","X3",4,"X2","X1",4,"X3",26,"X3","X1",2,"X2",1,"X1","X1","BAD"
"741","X1",24,"X2","X1",2325,"X2","X4",2,"X3","X1",3,"X3",32,"X1","X2",1,"X3",1,"X1","X1","GOOD"
"742","X2",10,"X2","X5",1048,"X1","X3",4,"X3","X1",4,"X1",23,"X2","X2",1,"X2",1,"X1","X1","GOOD"
"743","X4",21,"X3","X5",3160,"X5","X5",4,"X3","X1",3,"X2",41,"X3","X2",1,"X3",1,"X2","X1","GOOD"
"744","X1",24,"X2","X4",2483,"X3","X3",4,"X3","X1",4,"X1",22,"X2","X2",1,"X3",1,"X2","X1","GOOD"
"745","X1",39,"X5","X4",14179,"X5","X4",4,"X3","X1",4,"X2",30,"X3","X2",2,"X4",1,"X2","X1","GOOD"
"746","X1",13,"X5","X10",1797,"X1","X2",3,"X3","X1",1,"X2",28,"X1","X2",2,"X2",1,"X1","X1","GOOD"
"747","X1",15,"X3","X1",2511,"X1","X1",1,"X2","X1",4,"X3",23,"X3","X1",1,"X3",1,"X1","X1","GOOD"
"748","X1",12,"X3","X1",1274,"X1","X2",3,"X2","X1",1,"X1",37,"X3","X2",1,"X2",1,"X1","X1","BAD"
"749","X4",21,"X3","X2",5248,"X5","X3",1,"X3","X1",3,"X3",26,"X3","X2",1,"X3",1,"X1","X1","GOOD"
"750","X4",15,"X3","X2",3029,"X1","X4",2,"X3","X1",2,"X3",33,"X3","X2",1,"X3",1,"X1","X1","GOOD"
"751","X1",6,"X3","X4",428,"X1","X5",2,"X2","X1",1,"X2",49,"X1","X2",1,"X3",1,"X2","X1","GOOD"
"752","X1",18,"X3","X1",976,"X1","X2",1,"X2","X1",2,"X3",23,"X3","X2",1,"X2",1,"X1","X1","BAD"
"753","X2",12,"X3","X10",841,"X2","X4",2,"X2","X1",4,"X1",23,"X3","X1",1,"X2",1,"X1","X1","GOOD"
"754","X4",30,"X5","X5",5771,"X1","X4",4,"X2","X1",2,"X3",25,"X3","X2",2,"X3",1,"X1","X1","GOOD"
"755","X4",12,"X4","X7",1555,"X4","X5",4,"X3","X1",4,"X4",55,"X3","X3",2,"X3",2,"X1","X1","BAD"
"756","X1",24,"X3","X1",1285,"X5","X4",4,"X2","X1",4,"X4",32,"X3","X1",1,"X3",1,"X1","X1","BAD"
"757","X3",6,"X5","X1",1299,"X1","X3",1,"X3","X1",1,"X1",74,"X3","X2",3,"X1",2,"X1","X2","GOOD"
"758","X3",15,"X5","X5",1271,"X5","X3",3,"X3","X1",4,"X4",39,"X3","X3",2,"X3",1,"X2","X1","BAD"
"759","X4",24,"X3","X1",1393,"X1","X3",2,"X3","X3",2,"X1",31,"X3","X2",1,"X3",1,"X2","X1","GOOD"
"760","X1",12,"X5","X1",691,"X1","X5",4,"X3","X1",3,"X2",35,"X3","X2",2,"X3",1,"X1","X1","BAD"
"761","X4",15,"X5","X1",5045,"X5","X5",1,"X2","X1",4,"X3",59,"X3","X2",1,"X3",1,"X2","X1","GOOD"
"762","X1",18,"X5","X4",2124,"X1","X3",4,"X2","X1",4,"X1",24,"X3","X1",2,"X3",1,"X1","X1","BAD"
"763","X1",12,"X3","X5",2214,"X1","X3",4,"X3","X1",3,"X2",24,"X3","X2",1,"X2",1,"X1","X1","GOOD"
"764","X4",21,"X5","X1",12680,"X5","X5",4,"X3","X1",4,"X4",30,"X3","X3",1,"X4",1,"X2","X1","BAD"
"765","X4",24,"X5","X1",2463,"X2","X4",4,"X4","X1",3,"X2",27,"X3","X2",2,"X3",1,"X2","X1","GOOD"
"766","X2",12,"X3","X5",1155,"X1","X5",3,"X4","X3",3,"X1",40,"X1","X2",2,"X2",1,"X1","X1","GOOD"
"767","X1",30,"X3","X4",3108,"X1","X2",2,"X1","X1",4,"X2",31,"X3","X2",1,"X2",1,"X1","X1","BAD"
"768","X4",10,"X3","X2",2901,"X5","X2",1,"X2","X1",4,"X1",31,"X3","X1",1,"X3",1,"X1","X1","GOOD"
"769","X2",12,"X5","X4",3617,"X1","X5",1,"X3","X1",4,"X3",28,"X3","X1",3,"X3",1,"X2","X1","GOOD"
"770","X4",12,"X5","X5",1655,"X1","X5",2,"X3","X1",4,"X1",63,"X3","X2",2,"X2",1,"X2","X1","GOOD"
"771","X1",24,"X3","X2",2812,"X5","X5",2,"X2","X1",4,"X1",26,"X3","X1",1,"X3",1,"X1","X1","GOOD"
"772","X1",36,"X5","X8",8065,"X1","X3",3,"X2","X1",2,"X4",25,"X3","X2",2,"X4",1,"X2","X1","BAD"
"773","X4",21,"X5","X2",3275,"X1","X5",1,"X3","X1",4,"X3",36,"X3","X2",1,"X4",1,"X2","X1","GOOD"
"774","X4",24,"X5","X5",2223,"X2","X5",4,"X3","X1",4,"X2",52,"X1","X2",2,"X3",1,"X1","X1","GOOD"
"775","X3",12,"X5","X1",1480,"X3","X1",2,"X3","X1",4,"X4",66,"X1","X3",3,"X1",1,"X1","X1","GOOD"
"776","X1",24,"X3","X1",1371,"X5","X3",4,"X2","X1",4,"X1",25,"X3","X1",1,"X3",1,"X1","X1","BAD"
"777","X4",36,"X5","X1",3535,"X1","X4",4,"X3","X1",4,"X3",37,"X3","X2",2,"X3",1,"X2","X1","GOOD"
"778","X1",18,"X3","X5",3509,"X1","X4",4,"X2","X3",1,"X1",25,"X3","X2",1,"X3",1,"X1","X1","GOOD"
"779","X4",36,"X5","X2",5711,"X4","X5",4,"X3","X1",2,"X3",38,"X3","X2",2,"X4",1,"X2","X1","GOOD"
"780","X2",18,"X3","X7",3872,"X1","X1",2,"X2","X1",4,"X3",67,"X3","X2",1,"X3",1,"X2","X1","GOOD"
"781","X2",39,"X5","X5",4933,"X1","X4",2,"X3","X3",2,"X1",25,"X3","X2",2,"X3",1,"X1","X1","BAD"
"782","X4",24,"X5","X1",1940,"X4","X5",4,"X3","X1",4,"X1",60,"X3","X2",1,"X3",1,"X2","X1","GOOD"
"783","X2",12,"X1","X9",1410,"X1","X3",2,"X3","X1",2,"X1",31,"X3","X2",1,"X2",1,"X2","X1","GOOD"
"784","X2",12,"X3","X1",836,"X2","X2",4,"X2","X1",2,"X2",23,"X1","X2",1,"X2",1,"X1","X1","BAD"
"785","X2",20,"X3","X2",6468,"X5","X1",1,"X1","X1",4,"X1",60,"X3","X2",1,"X4",1,"X2","X1","GOOD"
"786","X2",18,"X3","X10",1941,"X4","X3",4,"X3","X1",2,"X2",35,"X3","X2",1,"X2",1,"X2","X1","GOOD"
"787","X4",22,"X3","X5",2675,"X3","X5",3,"X3","X1",4,"X3",40,"X3","X2",1,"X3",1,"X1","X1","GOOD"
"788","X4",48,"X5","X2",2751,"X5","X5",4,"X3","X1",3,"X3",38,"X3","X2",2,"X3",2,"X2","X1","GOOD"
"789","X2",48,"X4","X8",6224,"X1","X5",4,"X3","X1",4,"X4",50,"X3","X3",1,"X3",1,"X1","X1","BAD"
"790","X1",40,"X5","X8",5998,"X1","X3",4,"X3","X1",3,"X4",27,"X1","X2",1,"X3",1,"X2","X1","BAD"
"791","X2",21,"X3","X10",1188,"X1","X5",2,"X2","X1",4,"X2",39,"X3","X2",1,"X3",2,"X1","X1","BAD"
"792","X4",24,"X3","X2",6313,"X5","X5",3,"X3","X1",4,"X3",41,"X3","X2",1,"X4",2,"X2","X1","GOOD"
"793","X4",6,"X5","X4",1221,"X5","X3",1,"X4","X1",2,"X2",27,"X3","X2",2,"X3",1,"X1","X1","GOOD"
"794","X3",24,"X3","X4",2892,"X1","X5",3,"X1","X1",4,"X4",51,"X3","X3",1,"X3",1,"X1","X1","GOOD"
"795","X4",24,"X3","X4",3062,"X3","X5",4,"X3","X1",3,"X4",32,"X3","X1",1,"X3",1,"X2","X1","GOOD"
"796","X4",9,"X3","X4",2301,"X2","X2",2,"X2","X1",4,"X2",22,"X3","X1",1,"X3",1,"X1","X1","GOOD"
"797","X1",18,"X3","X2",7511,"X5","X5",1,"X3","X1",4,"X2",51,"X3","X3",1,"X3",2,"X2","X1","BAD"
"798","X4",12,"X5","X4",1258,"X1","X2",2,"X2","X1",4,"X2",22,"X3","X1",2,"X2",1,"X1","X1","GOOD"
"799","X4",24,"X4","X1",717,"X5","X5",4,"X4","X1",4,"X3",54,"X3","X2",2,"X3",1,"X2","X1","GOOD"
"800","X2",9,"X3","X1",1549,"X5","X2",4,"X3","X1",2,"X1",35,"X3","X2",1,"X1",1,"X1","X1","GOOD"
"801","X4",24,"X5","X8",1597,"X1","X5",4,"X3","X1",4,"X4",54,"X3","X3",2,"X3",2,"X1","X1","GOOD"
"802","X2",18,"X5","X5",1795,"X1","X5",3,"X2","X3",4,"X1",48,"X1","X1",2,"X2",1,"X2","X1","GOOD"
"803","X1",20,"X5","X4",4272,"X1","X5",1,"X2","X1",4,"X2",24,"X3","X2",2,"X3",1,"X1","X1","GOOD"
"804","X4",12,"X5","X5",976,"X5","X5",4,"X3","X1",4,"X3",35,"X3","X2",2,"X3",1,"X1","X1","GOOD"
"805","X2",12,"X3","X1",7472,"X5","X1",1,"X2","X1",2,"X1",24,"X3","X1",1,"X1",1,"X1","X1","GOOD"
"806","X1",36,"X3","X1",9271,"X1","X4",2,"X3","X1",1,"X3",24,"X3","X2",1,"X3",1,"X2","X1","BAD"
"807","X2",6,"X3","X5",590,"X1","X2",3,"X4","X1",3,"X1",26,"X3","X2",1,"X2",1,"X1","X2","GOOD"
"808","X4",12,"X5","X5",930,"X5","X5",4,"X3","X1",4,"X1",65,"X3","X2",4,"X3",1,"X1","X1","GOOD"
"809","X2",42,"X2","X2",9283,"X1","X1",1,"X3","X1",2,"X4",55,"X1","X3",1,"X4",1,"X2","X1","GOOD"
"810","X2",15,"X1","X1",1778,"X1","X2",2,"X2","X1",1,"X1",26,"X3","X1",2,"X1",1,"X1","X1","BAD"
"811","X2",8,"X3","X10",907,"X1","X2",3,"X4","X1",2,"X1",26,"X3","X2",1,"X3",1,"X2","X1","GOOD"
"812","X2",6,"X3","X5",484,"X1","X4",3,"X4","X3",3,"X1",28,"X1","X2",1,"X2",1,"X1","X1","GOOD"
"813","X1",36,"X5","X2",9629,"X1","X4",4,"X3","X1",4,"X3",24,"X3","X2",2,"X3",1,"X2","X1","BAD"
"814","X1",48,"X3","X6",3051,"X1","X3",3,"X3","X1",4,"X3",54,"X3","X2",1,"X3",1,"X1","X1","BAD"
"815","X1",48,"X3","X1",3931,"X1","X4",4,"X3","X1",4,"X4",46,"X3","X3",1,"X3",2,"X1","X1","BAD"
"816","X2",36,"X4","X1",7432,"X1","X3",2,"X2","X1",2,"X2",54,"X3","X1",1,"X3",1,"X1","X1","GOOD"
"817","X4",6,"X3","X6",1338,"X3","X3",1,"X1","X1",4,"X1",62,"X3","X2",1,"X3",1,"X1","X1","GOOD"
"818","X4",6,"X5","X5",1554,"X1","X4",1,"X2","X1",2,"X3",24,"X3","X1",2,"X3",1,"X2","X1","GOOD"
"819","X1",36,"X3","X3",15857,"X1","X1",2,"X1","X2",3,"X3",43,"X3","X2",1,"X4",1,"X1","X1","GOOD"
"820","X1",18,"X3","X5",1345,"X1","X3",4,"X4","X1",3,"X1",26,"X1","X2",1,"X3",1,"X1","X1","BAD"
"821","X4",12,"X3","X1",1101,"X1","X3",3,"X4","X1",2,"X1",27,"X3","X2",2,"X3",1,"X2","X1","GOOD"
"822","X3",12,"X3","X5",3016,"X1","X3",3,"X4","X1",1,"X3",24,"X3","X2",1,"X3",1,"X1","X1","GOOD"
"823","X1",36,"X3","X4",2712,"X1","X5",2,"X3","X1",2,"X2",41,"X1","X2",1,"X3",2,"X1","X1","BAD"
"824","X1",8,"X5","X1",731,"X1","X5",4,"X3","X1",4,"X1",47,"X3","X2",2,"X2",1,"X1","X1","GOOD"
"825","X4",18,"X5","X4",3780,"X1","X2",3,"X1","X1",2,"X3",35,"X3","X2",2,"X4",1,"X2","X1","GOOD"
"826","X1",21,"X5","X1",1602,"X1","X5",4,"X4","X1",3,"X3",30,"X3","X2",2,"X3",1,"X2","X1","GOOD"
"827","X1",18,"X5","X1",3966,"X1","X5",1,"X2","X1",4,"X1",33,"X1","X1",3,"X3",1,"X2","X1","BAD"
"828","X4",18,"X1","X10",4165,"X1","X3",2,"X3","X1",2,"X3",36,"X2","X2",2,"X3",2,"X1","X1","BAD"
"829","X1",36,"X3","X2",8335,"X5","X5",3,"X3","X1",4,"X4",47,"X3","X3",1,"X3",1,"X1","X1","BAD"
"830","X2",48,"X4","X10",6681,"X5","X3",4,"X3","X1",4,"X4",38,"X3","X3",1,"X3",2,"X2","X1","GOOD"
"831","X4",24,"X4","X10",2375,"X3","X3",4,"X3","X1",2,"X3",44,"X3","X2",2,"X3",2,"X2","X1","GOOD"
"832","X1",18,"X3","X1",1216,"X1","X2",4,"X2","X1",3,"X3",23,"X3","X1",1,"X3",1,"X2","X1","BAD"
"833","X1",45,"X1","X10",11816,"X1","X5",2,"X3","X1",4,"X3",29,"X3","X1",2,"X3",1,"X1","X1","BAD"
"834","X2",24,"X3","X5",5084,"X5","X5",2,"X2","X1",4,"X3",42,"X3","X2",1,"X3",1,"X2","X1","GOOD"
"835","X3",15,"X3","X5",2327,"X1","X2",2,"X2","X1",3,"X1",25,"X3","X2",1,"X2",1,"X1","X1","BAD"
"836","X1",12,"X1","X1",1082,"X1","X3",4,"X3","X1",4,"X3",48,"X1","X2",2,"X3",1,"X1","X1","BAD"
"837","X4",12,"X3","X5",886,"X5","X3",4,"X2","X1",2,"X3",21,"X3","X2",1,"X3",1,"X1","X1","GOOD"
"838","X4",4,"X3","X4",601,"X1","X2",1,"X2","X1",3,"X1",23,"X3","X1",1,"X2",2,"X1","X1","GOOD"
"839","X1",24,"X5","X2",2957,"X1","X5",4,"X3","X1",4,"X2",63,"X3","X2",2,"X3",1,"X2","X1","GOOD"
"840","X4",24,"X5","X5",2611,"X1","X5",4,"X4","X2",3,"X1",46,"X3","X2",2,"X3",1,"X1","X1","GOOD"
"841","X1",36,"X3","X4",5179,"X1","X4",4,"X3","X1",2,"X2",29,"X3","X2",1,"X3",1,"X1","X1","BAD"
"842","X4",21,"X4","X2",2993,"X1","X3",3,"X3","X1",2,"X1",28,"X2","X2",2,"X2",1,"X1","X1","GOOD"
"843","X4",18,"X3","X7",1943,"X1","X2",4,"X2","X1",4,"X1",23,"X3","X2",1,"X3",1,"X1","X1","BAD"
"844","X4",24,"X2","X10",1559,"X1","X4",4,"X3","X1",4,"X3",50,"X1","X2",1,"X3",1,"X2","X1","GOOD"
"845","X4",18,"X3","X4",3422,"X1","X5",4,"X3","X1",4,"X2",47,"X1","X2",3,"X3",2,"X2","X1","GOOD"
"846","X2",21,"X3","X4",3976,"X5","X4",2,"X3","X1",3,"X3",35,"X3","X2",1,"X3",1,"X2","X1","GOOD"
"847","X4",18,"X3","X1",6761,"X5","X3",2,"X3","X1",4,"X3",68,"X3","X1",2,"X3",1,"X1","X1","BAD"
"848","X4",24,"X3","X1",1249,"X1","X2",4,"X4","X1",2,"X1",28,"X3","X2",1,"X3",1,"X1","X1","GOOD"
"849","X1",9,"X3","X5",1364,"X1","X4",3,"X3","X1",4,"X1",59,"X3","X2",1,"X3",1,"X1","X1","GOOD"
"850","X1",12,"X3","X5",709,"X1","X5",4,"X3","X1",4,"X1",57,"X2","X2",1,"X2",1,"X1","X1","BAD"
"851","X1",20,"X5","X1",2235,"X1","X3",4,"X4","X3",2,"X2",33,"X1","X1",2,"X3",1,"X1","X2","BAD"
"852","X4",24,"X5","X2",4042,"X5","X4",3,"X3","X1",4,"X2",43,"X3","X2",2,"X3",1,"X2","X1","GOOD"
"853","X4",15,"X5","X5",1471,"X1","X3",4,"X3","X1",4,"X4",35,"X3","X3",2,"X3",1,"X2","X1","GOOD"
"854","X1",18,"X2","X1",1442,"X1","X4",4,"X3","X1",4,"X4",32,"X3","X3",2,"X2",2,"X1","X1","BAD"
"855","X4",36,"X4","X1",10875,"X1","X5",2,"X3","X1",2,"X3",45,"X3","X2",2,"X3",2,"X2","X1","GOOD"
"856","X4",24,"X3","X1",1474,"X2","X2",4,"X4","X1",3,"X1",33,"X3","X2",1,"X3",1,"X2","X1","GOOD"
"857","X4",10,"X3","X9",894,"X5","X4",4,"X2","X1",3,"X2",40,"X3","X2",1,"X3",1,"X2","X1","GOOD"
"858","X4",15,"X5","X4",3343,"X1","X3",4,"X3","X1",2,"X4",28,"X3","X3",1,"X3",1,"X2","X1","GOOD"
"859","X1",15,"X3","X1",3959,"X1","X3",3,"X2","X1",2,"X2",29,"X3","X2",1,"X3",1,"X2","X1","BAD"
"860","X4",9,"X3","X1",3577,"X2","X3",1,"X3","X3",2,"X1",26,"X3","X1",1,"X3",2,"X1","X2","GOOD"
"861","X4",24,"X5","X2",5804,"X4","X3",4,"X3","X1",2,"X1",27,"X3","X2",2,"X3",1,"X1","X1","GOOD"
"862","X4",18,"X4","X10",2169,"X1","X3",4,"X4","X1",2,"X3",28,"X3","X2",1,"X3",1,"X2","X1","BAD"
"863","X1",24,"X3","X5",2439,"X1","X2",4,"X2","X1",4,"X1",35,"X3","X2",1,"X3",1,"X2","X1","BAD"
"864","X4",27,"X5","X4",4526,"X4","X2",4,"X3","X1",2,"X1",32,"X2","X2",2,"X2",2,"X2","X1","GOOD"
"865","X4",10,"X3","X4",2210,"X1","X3",2,"X3","X1",2,"X1",25,"X1","X1",1,"X2",1,"X1","X1","BAD"
"866","X4",15,"X3","X4",2221,"X3","X3",2,"X2","X1",4,"X3",20,"X3","X1",1,"X3",1,"X1","X1","GOOD"
"867","X1",18,"X3","X5",2389,"X1","X2",4,"X2","X1",1,"X3",27,"X2","X2",1,"X3",1,"X1","X1","GOOD"
"868","X4",12,"X5","X4",3331,"X1","X5",2,"X3","X1",4,"X2",42,"X2","X2",1,"X3",1,"X1","X1","GOOD"
"869","X4",36,"X3","X10",7409,"X5","X5",3,"X3","X1",2,"X2",37,"X3","X2",2,"X3",1,"X1","X1","GOOD"
"870","X1",12,"X3","X4",652,"X1","X5",4,"X2","X1",4,"X2",24,"X3","X1",1,"X3",1,"X1","X1","GOOD"
"871","X4",36,"X4","X4",7678,"X3","X4",2,"X2","X1",4,"X3",40,"X3","X2",2,"X3",1,"X2","X1","GOOD"
"872","X3",6,"X5","X1",1343,"X1","X5",1,"X3","X1",4,"X1",46,"X3","X2",2,"X3",2,"X1","X2","GOOD"
"873","X1",24,"X5","X10",1382,"X2","X4",4,"X3","X1",1,"X1",26,"X3","X2",2,"X3",1,"X2","X1","GOOD"
"874","X4",15,"X3","X6",874,"X5","X2",4,"X2","X1",1,"X1",24,"X3","X2",1,"X3",1,"X1","X1","GOOD"
"875","X1",12,"X3","X4",3590,"X1","X3",2,"X3","X2",2,"X2",29,"X3","X2",1,"X2",2,"X1","X1","GOOD"
"876","X2",11,"X5","X1",1322,"X4","X3",4,"X2","X1",4,"X3",40,"X3","X2",2,"X3",1,"X1","X1","GOOD"
"877","X1",18,"X2","X5",1940,"X1","X2",3,"X3","X2",4,"X4",36,"X1","X3",1,"X4",1,"X2","X1","GOOD"
"878","X4",36,"X3","X5",3595,"X1","X5",4,"X3","X1",2,"X3",28,"X3","X2",1,"X3",1,"X1","X1","GOOD"
"879","X1",9,"X3","X1",1422,"X1","X2",3,"X3","X1",2,"X4",27,"X3","X3",1,"X4",1,"X2","X1","BAD"
"880","X4",30,"X5","X5",6742,"X5","X4",2,"X3","X1",3,"X2",36,"X3","X2",2,"X3",1,"X1","X1","GOOD"
"881","X4",24,"X3","X2",7814,"X1","X4",3,"X3","X1",3,"X3",38,"X3","X2",1,"X4",1,"X2","X1","GOOD"
"882","X4",24,"X3","X2",9277,"X5","X3",2,"X1","X1",4,"X4",48,"X3","X3",1,"X3",1,"X2","X1","GOOD"
"883","X2",30,"X5","X1",2181,"X5","X5",4,"X3","X1",4,"X1",36,"X3","X2",2,"X3",1,"X1","X1","GOOD"
"884","X4",18,"X5","X5",1098,"X1","X1",4,"X2","X1",4,"X3",65,"X3","X2",2,"X1",1,"X1","X1","GOOD"
"885","X2",24,"X3","X4",4057,"X1","X4",3,"X1","X1",3,"X3",43,"X3","X2",1,"X3",1,"X2","X1","BAD"
"886","X1",12,"X3","X8",795,"X1","X2",4,"X2","X1",4,"X2",53,"X3","X2",1,"X3",1,"X1","X1","BAD"
"887","X2",24,"X5","X10",2825,"X5","X4",4,"X3","X1",3,"X4",34,"X3","X2",2,"X3",2,"X2","X1","GOOD"
"888","X2",48,"X3","X10",15672,"X1","X3",2,"X3","X1",2,"X3",23,"X3","X2",1,"X3",1,"X2","X1","BAD"
"889","X4",36,"X5","X1",6614,"X1","X5",4,"X3","X1",4,"X3",34,"X3","X2",2,"X4",1,"X2","X1","GOOD"
"890","X4",28,"X2","X2",7824,"X5","X2",3,"X3","X3",4,"X1",40,"X1","X1",2,"X3",2,"X2","X1","GOOD"
"891","X1",27,"X5","X10",2442,"X1","X5",4,"X3","X1",4,"X3",43,"X2","X2",4,"X4",2,"X2","X1","GOOD"
"892","X4",15,"X5","X5",1829,"X1","X5",4,"X3","X1",4,"X3",46,"X3","X2",2,"X3",1,"X2","X1","GOOD"
"893","X1",12,"X5","X1",2171,"X1","X3",4,"X3","X1",4,"X2",38,"X1","X2",2,"X2",1,"X1","X2","GOOD"
"894","X2",36,"X5","X2",5800,"X1","X3",3,"X3","X1",4,"X3",34,"X3","X2",2,"X3",1,"X2","X1","GOOD"
"895","X4",18,"X5","X5",1169,"X5","X3",4,"X3","X1",3,"X2",29,"X3","X2",2,"X3",1,"X2","X1","GOOD"
"896","X4",36,"X4","X2",8947,"X5","X4",3,"X3","X1",2,"X3",31,"X2","X2",1,"X4",2,"X2","X1","GOOD"
"897","X1",21,"X3","X5",2606,"X1","X2",4,"X2","X1",4,"X2",28,"X3","X1",1,"X4",1,"X2","X1","GOOD"
"898","X4",12,"X5","X4",1592,"X4","X4",3,"X2","X1",2,"X2",35,"X3","X2",1,"X3",1,"X1","X2","GOOD"
"899","X4",15,"X3","X4",2186,"X5","X4",1,"X2","X1",4,"X1",33,"X1","X1",1,"X2",1,"X1","X1","GOOD"
"900","X1",18,"X3","X4",4153,"X1","X3",2,"X3","X2",3,"X3",42,"X3","X2",1,"X3",1,"X1","X1","BAD"
"901","X1",16,"X5","X1",2625,"X1","X5",2,"X3","X3",4,"X2",43,"X1","X1",1,"X3",1,"X2","X1","BAD"
"902","X4",20,"X5","X1",3485,"X5","X2",2,"X1","X1",4,"X1",44,"X3","X2",2,"X3",1,"X2","X1","GOOD"
"903","X4",36,"X5","X2",10477,"X5","X5",2,"X3","X1",4,"X4",42,"X3","X3",2,"X3",1,"X1","X1","GOOD"
"904","X4",15,"X3","X5",1386,"X5","X3",4,"X4","X1",2,"X1",40,"X3","X1",1,"X3",1,"X2","X1","GOOD"
"905","X4",24,"X3","X5",1278,"X1","X5",4,"X3","X1",1,"X1",36,"X3","X2",1,"X4",1,"X2","X1","GOOD"
"906","X1",12,"X3","X5",1107,"X1","X3",2,"X3","X1",2,"X1",20,"X3","X1",1,"X4",2,"X2","X1","GOOD"
"907","X1",21,"X3","X1",3763,"X5","X4",2,"X3","X2",2,"X1",24,"X3","X2",1,"X2",1,"X1","X2","GOOD"
"908","X2",36,"X3","X8",3711,"X5","X3",2,"X4","X1",2,"X3",27,"X3","X2",1,"X3",1,"X1","X1","GOOD"
"909","X4",15,"X4","X2",3594,"X1","X2",1,"X2","X1",2,"X2",46,"X3","X2",2,"X2",1,"X1","X1","GOOD"
"910","X2",9,"X3","X1",3195,"X5","X3",1,"X2","X1",2,"X1",33,"X3","X2",1,"X2",1,"X1","X1","GOOD"
"911","X4",36,"X4","X5",4454,"X1","X3",4,"X2","X1",4,"X1",34,"X3","X2",2,"X3",1,"X1","X1","GOOD"
"912","X2",24,"X5","X4",4736,"X1","X2",2,"X2","X1",4,"X3",25,"X1","X2",1,"X2",1,"X1","X1","BAD"
"913","X2",30,"X3","X5",2991,"X5","X5",2,"X2","X1",4,"X3",25,"X3","X2",1,"X3",1,"X1","X1","GOOD"
"914","X4",11,"X3","X10",2142,"X4","X5",1,"X1","X1",2,"X1",28,"X3","X2",1,"X3",1,"X2","X1","GOOD"
"915","X1",24,"X2","X10",3161,"X1","X3",4,"X3","X1",2,"X2",31,"X3","X1",1,"X3",1,"X2","X1","BAD"
"916","X2",48,"X1","X3",18424,"X1","X3",1,"X2","X1",2,"X2",32,"X1","X2",1,"X4",1,"X2","X2","BAD"
"917","X4",10,"X3","X2",2848,"X2","X3",1,"X3","X2",2,"X1",32,"X3","X2",1,"X3",2,"X1","X1","GOOD"
"918","X1",6,"X3","X1",14896,"X1","X5",1,"X3","X1",4,"X4",68,"X1","X2",1,"X4",1,"X2","X1","BAD"
"919","X1",24,"X3","X4",2359,"X2","X1",1,"X1","X1",1,"X2",33,"X3","X2",1,"X3",1,"X1","X1","BAD"
"920","X1",24,"X3","X4",3345,"X1","X5",4,"X3","X1",2,"X2",39,"X3","X1",1,"X4",1,"X2","X1","BAD"
"921","X4",18,"X5","X4",1817,"X1","X3",4,"X2","X1",2,"X4",28,"X3","X2",2,"X3",1,"X1","X1","GOOD"
"922","X4",48,"X4","X5",12749,"X3","X4",4,"X3","X1",1,"X3",37,"X3","X2",1,"X4",1,"X2","X1","GOOD"
"923","X1",9,"X3","X5",1366,"X1","X2",3,"X2","X1",4,"X2",22,"X3","X1",1,"X3",1,"X1","X1","BAD"
"924","X2",12,"X3","X1",2002,"X1","X4",3,"X3","X1",4,"X2",30,"X3","X1",1,"X3",2,"X2","X1","GOOD"
"925","X1",24,"X2","X4",6872,"X1","X2",2,"X1","X1",1,"X2",55,"X1","X2",1,"X3",1,"X2","X1","BAD"
"926","X1",12,"X2","X1",697,"X1","X2",4,"X3","X1",2,"X3",46,"X1","X2",2,"X3",1,"X2","X1","BAD"
"927","X1",18,"X5","X4",1049,"X1","X2",4,"X2","X1",4,"X2",21,"X3","X1",1,"X3",1,"X1","X1","GOOD"
"928","X1",48,"X3","X2",10297,"X1","X4",4,"X3","X1",4,"X4",39,"X2","X3",3,"X3",2,"X2","X1","BAD"
"929","X4",30,"X3","X5",1867,"X5","X5",4,"X3","X1",4,"X3",58,"X3","X2",1,"X3",1,"X2","X1","GOOD"
"930","X1",12,"X4","X1",1344,"X1","X3",4,"X3","X1",2,"X1",43,"X3","X2",2,"X2",2,"X1","X1","GOOD"
"931","X1",24,"X3","X4",1747,"X1","X2",4,"X3","X2",1,"X2",24,"X3","X2",1,"X2",1,"X1","X2","GOOD"
"932","X2",9,"X3","X5",1670,"X1","X2",4,"X2","X1",2,"X3",22,"X3","X2",1,"X3",1,"X2","X1","BAD"
"933","X4",9,"X5","X1",1224,"X1","X3",3,"X3","X1",1,"X1",30,"X3","X2",2,"X3",1,"X1","X1","GOOD"
"934","X4",12,"X5","X5",522,"X3","X5",4,"X3","X1",4,"X2",42,"X3","X2",2,"X3",2,"X2","X1","GOOD"
"935","X1",12,"X3","X5",1498,"X1","X3",4,"X2","X1",1,"X3",23,"X1","X2",1,"X3",1,"X1","X1","GOOD"
"936","X2",30,"X4","X5",1919,"X2","X2",4,"X3","X1",3,"X4",30,"X2","X2",2,"X4",1,"X1","X1","BAD"
"937","X3",9,"X3","X5",745,"X1","X3",3,"X2","X1",2,"X1",28,"X3","X2",1,"X2",1,"X1","X1","BAD"
"938","X2",6,"X3","X5",2063,"X1","X2",4,"X4","X1",3,"X3",30,"X3","X1",1,"X4",1,"X2","X1","GOOD"
"939","X2",60,"X3","X8",6288,"X1","X3",4,"X3","X1",4,"X4",42,"X3","X3",1,"X3",1,"X1","X1","BAD"
"940","X4",24,"X5","X2",6842,"X5","X3",2,"X3","X1",4,"X2",46,"X3","X2",2,"X4",2,"X2","X1","GOOD"
"941","X4",12,"X3","X1",3527,"X5","X2",2,"X3","X1",3,"X2",45,"X3","X2",1,"X4",2,"X2","X1","GOOD"
"942","X4",10,"X3","X1",1546,"X1","X3",3,"X3","X1",2,"X1",31,"X3","X2",1,"X2",2,"X1","X2","GOOD"
"943","X4",24,"X3","X4",929,"X5","X4",4,"X3","X1",2,"X3",31,"X2","X2",1,"X3",1,"X2","X1","GOOD"
"944","X4",4,"X5","X1",1455,"X1","X4",2,"X3","X1",1,"X1",42,"X3","X2",3,"X2",2,"X1","X1","GOOD"
"945","X1",15,"X3","X4",1845,"X1","X2",4,"X2","X3",1,"X2",46,"X3","X1",1,"X3",1,"X1","X1","GOOD"
"946","X2",48,"X1","X1",8358,"X3","X2",1,"X2","X1",1,"X3",30,"X3","X2",2,"X3",1,"X1","X1","GOOD"
"947","X1",24,"X2","X4",3349,"X3","X2",4,"X3","X1",4,"X4",30,"X3","X3",1,"X3",2,"X2","X1","BAD"
"948","X4",12,"X3","X1",2859,"X5","X1",4,"X3","X1",4,"X4",38,"X3","X2",1,"X4",1,"X2","X1","GOOD"
"949","X4",18,"X3","X4",1533,"X1","X2",4,"X4","X2",1,"X2",43,"X3","X2",1,"X2",2,"X1","X1","BAD"
"950","X4",24,"X3","X5",3621,"X2","X5",2,"X3","X1",4,"X3",31,"X3","X2",2,"X3",1,"X1","X1","BAD"
"951","X2",18,"X5","X10",3590,"X1","X1",3,"X4","X1",3,"X3",40,"X3","X2",3,"X1",2,"X2","X1","GOOD"
"952","X1",36,"X4","X10",2145,"X1","X4",2,"X3","X1",1,"X3",24,"X3","X2",2,"X3",1,"X2","X1","BAD"
"953","X2",24,"X3","X2",4113,"X3","X2",3,"X2","X1",4,"X3",28,"X3","X1",1,"X3",1,"X1","X1","BAD"
"954","X4",36,"X3","X4",10974,"X1","X1",4,"X2","X1",2,"X3",26,"X3","X2",2,"X4",1,"X2","X1","BAD"
"955","X1",12,"X3","X1",1893,"X1","X3",4,"X2","X3",4,"X2",29,"X3","X2",1,"X3",1,"X2","X1","GOOD"
"956","X1",24,"X5","X5",1231,"X4","X5",4,"X2","X1",4,"X2",57,"X3","X1",2,"X4",1,"X2","X1","GOOD"
"957","X3",30,"X5","X5",3656,"X5","X5",4,"X3","X1",4,"X2",49,"X2","X2",2,"X2",1,"X1","X1","GOOD"
"958","X2",9,"X5","X5",1154,"X1","X5",2,"X3","X1",4,"X1",37,"X3","X2",3,"X2",1,"X1","X1","GOOD"
"959","X1",28,"X3","X1",4006,"X1","X3",3,"X3","X1",2,"X3",45,"X3","X2",1,"X2",1,"X1","X1","BAD"
"960","X2",24,"X3","X4",3069,"X2","X5",4,"X3","X1",4,"X4",30,"X3","X3",1,"X3",1,"X1","X1","GOOD"
"961","X4",6,"X5","X5",1740,"X1","X5",2,"X4","X1",2,"X1",30,"X3","X1",2,"X3",1,"X1","X1","GOOD"
"962","X2",21,"X4","X1",2353,"X1","X3",1,"X1","X1",4,"X2",47,"X3","X2",2,"X3",1,"X1","X1","GOOD"
"963","X4",15,"X3","X1",3556,"X5","X3",3,"X3","X1",2,"X4",29,"X3","X2",1,"X3",1,"X1","X1","GOOD"
"964","X4",24,"X3","X5",2397,"X3","X5",3,"X3","X1",2,"X3",35,"X1","X2",2,"X3",1,"X2","X1","BAD"
"965","X2",6,"X3","X7",454,"X1","X2",3,"X4","X1",1,"X2",22,"X3","X2",1,"X2",1,"X1","X1","GOOD"
"966","X2",30,"X3","X5",1715,"X5","X3",4,"X2","X1",1,"X3",26,"X3","X2",1,"X3",1,"X1","X1","GOOD"
"967","X2",27,"X5","X5",2520,"X3","X3",4,"X3","X1",2,"X2",23,"X3","X2",2,"X2",1,"X1","X1","BAD"
"968","X4",15,"X3","X5",3568,"X1","X5",4,"X2","X1",2,"X3",54,"X1","X1",1,"X4",1,"X2","X1","GOOD"
"969","X4",42,"X3","X5",7166,"X5","X4",2,"X4","X1",4,"X2",29,"X3","X1",1,"X3",1,"X2","X1","GOOD"
"970","X1",11,"X5","X1",3939,"X1","X3",1,"X3","X1",2,"X1",40,"X3","X2",2,"X2",2,"X1","X1","GOOD"
"971","X2",15,"X3","X7",1514,"X2","X3",4,"X3","X3",2,"X1",22,"X3","X2",1,"X3",1,"X1","X1","GOOD"
"972","X4",24,"X3","X1",7393,"X1","X3",1,"X3","X1",4,"X2",43,"X3","X2",1,"X2",2,"X1","X1","GOOD"
"973","X1",24,"X2","X1",1193,"X1","X1",1,"X2","X2",4,"X4",29,"X3","X1",2,"X1",1,"X1","X1","BAD"
"974","X1",60,"X3","X10",7297,"X1","X5",4,"X3","X2",4,"X4",36,"X3","X1",1,"X3",1,"X1","X1","BAD"
"975","X4",30,"X5","X5",2831,"X1","X3",4,"X2","X1",2,"X3",33,"X3","X2",1,"X3",1,"X2","X1","GOOD"
"976","X3",24,"X3","X5",1258,"X3","X3",3,"X2","X1",3,"X3",57,"X3","X2",1,"X2",1,"X1","X1","GOOD"
"977","X2",6,"X3","X5",753,"X1","X3",2,"X2","X3",3,"X1",64,"X3","X2",1,"X3",1,"X1","X1","GOOD"
"978","X2",18,"X4","X10",2427,"X5","X5",4,"X3","X1",2,"X2",42,"X3","X2",2,"X3",1,"X1","X1","GOOD"
"979","X4",24,"X4","X1",2538,"X1","X5",4,"X3","X1",4,"X3",47,"X3","X2",2,"X2",2,"X1","X1","BAD"
"980","X2",15,"X2","X1",1264,"X2","X3",2,"X4","X1",2,"X2",25,"X3","X1",1,"X3",1,"X1","X1","BAD"
"981","X2",30,"X5","X4",8386,"X1","X4",2,"X3","X1",2,"X2",49,"X3","X2",1,"X3",1,"X1","X1","BAD"
"982","X4",48,"X3","X10",4844,"X1","X1",3,"X3","X1",2,"X3",33,"X1","X1",1,"X4",1,"X2","X1","BAD"
"983","X3",21,"X3","X1",2923,"X2","X3",1,"X2","X1",1,"X3",28,"X1","X2",1,"X4",1,"X2","X1","GOOD"
"984","X1",36,"X3","X2",8229,"X1","X3",2,"X3","X1",2,"X2",26,"X3","X2",1,"X3",2,"X1","X1","BAD"
"985","X4",24,"X5","X4",2028,"X1","X4",2,"X3","X1",2,"X2",30,"X3","X2",2,"X2",1,"X1","X1","GOOD"
"986","X1",15,"X5","X4",1433,"X1","X3",4,"X2","X1",3,"X2",25,"X3","X1",2,"X3",1,"X1","X1","GOOD"
"987","X3",42,"X1","X10",6289,"X1","X2",2,"X1","X1",1,"X2",33,"X3","X2",2,"X3",1,"X1","X1","GOOD"
"988","X4",13,"X3","X5",1409,"X2","X1",2,"X2","X1",4,"X1",64,"X3","X2",1,"X3",1,"X1","X1","GOOD"
"989","X1",24,"X3","X2",6579,"X1","X1",4,"X3","X1",2,"X4",29,"X3","X3",1,"X4",1,"X2","X1","GOOD"
"990","X2",24,"X5","X5",1743,"X1","X5",4,"X3","X1",2,"X2",48,"X3","X2",2,"X2",1,"X1","X1","GOOD"
"991","X4",12,"X5","X8",3565,"X5","X2",2,"X3","X1",1,"X2",37,"X3","X2",2,"X2",2,"X1","X1","GOOD"
"992","X4",15,"X2","X5",1569,"X2","X5",4,"X3","X1",4,"X3",34,"X1","X2",1,"X2",2,"X1","X1","GOOD"
"993","X1",18,"X3","X5",1936,"X5","X4",2,"X4","X1",4,"X3",23,"X3","X1",2,"X2",1,"X1","X1","GOOD"
"994","X1",36,"X3","X4",3959,"X1","X1",4,"X3","X1",3,"X2",30,"X3","X2",1,"X4",1,"X2","X1","GOOD"
"995","X4",12,"X3","X1",2390,"X5","X5",4,"X3","X1",3,"X3",50,"X3","X2",1,"X3",1,"X2","X1","GOOD"
"996","X4",12,"X3","X4",1736,"X1","X4",3,"X2","X1",4,"X1",31,"X3","X2",1,"X2",1,"X1","X1","GOOD"
"997","X1",30,"X3","X2",3857,"X1","X3",4,"X1","X1",4,"X2",40,"X3","X2",1,"X4",1,"X2","X1","GOOD"
"998","X4",12,"X3","X5",804,"X1","X5",4,"X3","X1",4,"X3",38,"X3","X2",1,"X3",1,"X1","X1","GOOD"
"999","X1",45,"X3","X5",1845,"X1","X3",4,"X3","X1",4,"X4",23,"X3","X3",1,"X3",1,"X2","X1","BAD"
"1000","X2",45,"X5","X2",4576,"X2","X1",3,"X3","X1",4,"X3",27,"X3","X2",1,"X3",1,"X1","X1","GOOD"
